mov_id,movie,year,mpa,length,imdb_ratings,imdb_stars,imdb_pct10,metascore,critic_revs,oscars,awards,imdb_genres,genre_count,director,star_1,gen_1,star_2,gen_2,star_3,gen_3,origin,lang_1,budget,gross_northA,gross_world,pct_northA,imdb_synopsis,color,imdb_link,imdb_id,dr_love,mentions,list_20,list_21,list_22,list_23,list_24,list_25
M-001,3 Idiots,2009,PG-13,170,"467,000",8.4,38.1,67,60,0,64,"Comedy, Drama",2,Rajkumar Hirani,Aamir Khan,M,Madhavan,M,Mona Singh,F,India,Hindi,"6,222,634","6,532,874","60,262,836",11,"Two friends are searching for their long lost companion. They revisit their college days and recall the memories of their friend who inspired them to think differently, even as the rest of the world called them ""idiots"".",Color,https://www.imdb.com/title/tt1187043/,1187043,No,2,0,0,0,1,0,1
M-002,8 1/2,1963,NA,138,"130,000",8.0,26.8,93,148,2,19,Drama,1,Federico Fellini,Marcello Mastroianni,M,Anouk Aimee,F,Claudia Cardinale,F,"Italy, France",Italian,NA,"245,681","412,713",60,A harried movie director retreats into his memories and fantasies.,BW,https://www.imdb.com/title/tt0056801/,0056801,No,1,1,0,0,0,0,0
M-003,10 Things I Hate About You,1999,PG-13,97,"430,000",7.4,15.3,70,80,0,2,"Comedy, Drama, Romance",3,Gil Junger,Heath Ledger,M,Julia Stiles,F,Joseph Gordon-Levitt,M,USA,English,"30,000,000","38,178,166","53,683,812",71,"A high-school boy, Cameron, cannot date Bianca until her anti-social older sister, Kat, has a boyfriend. So, Cameron pays a mysterious boy, Patrick, to charm Kat.",Color,https://www.imdb.com/title/tt0147800/,0147800,No,1,0,0,0,1,0,0
M-004,20th Century Women,2016,R,119,"52,000",7.3,8.1,83,237,0,15,"Comedy, Drama",2,Mike Mills,Annette Bening,F,Elle Fanning,F,Greta Gerwig,F,USA,English,"7,000,000","5,664,764","7,214,806",79,"In 1979 Santa Barbara, Dorothea is a determined single mother who is raising her son, Jamie. Dorothea enlists the help of two women -- Abbie, a free-spirited punk artist and Julie, a savvy teenager -- to help with Jamie's upbringing.",Color,https://www.imdb.com/title/tt4385888,4385888,No,1,0,0,0,0,0,1
M-005,300,2006,R,117,"898,000",7.6,16.5,52,480,0,19,"Action, Drama",2,Zack Snyder,Gerard Butler,M,Lena Headey,F,David Wenham,M,"USA, Canada, Bulgaria",English,"65,000,000","210,629,101","456,082,343",46,"In the ancient battle of Thermopylae, King Leonidas and 300 Spartans fight against Xerxes and his massive Persian army.",Color,https://www.imdb.com/title/tt0416449,4385889,No,1,0,0,0,0,0,1
M-006,2001: A Space Odyssey,1968,G,149,"764,000",8.3,30.0,84,263,1,18,"Adventure, Sci-Fi",2,Stanley Kubrick,Keir Dullea,M,Gary Lockwood,M,William Sylvester,M,"UK, USA",English,"12,000,000","60,481,243","67,923,117",89,"After uncovering a mysterious artifact buried beneath the Lunar surface, a spacecraft is sent to Jupiter to find its origins: a spacecraft manned by two men and the supercomputer HAL 9000.",Color,https://www.imdb.com/title/tt0062622/,0062622,Yes,1,0,1,0,0,0,0
M-007,About Elly (Darbareye Elly),2009,TV-PG,119,"60,000",7.9,21.7,87,155,0,23,"Drama, Mystery",2,Asghar Farhadi,Golshifteh Farahani,F,Shahab Hosseini,M,Taraneh Alidoosti,F,"Iran, France",Persian,NA,"470,760","879,422",54,The mysterious disappearance of a kindergarten teacher during a picnic in the north of Iran is followed by a series of misadventures for her fellow travelers.,Color,https://www.imdb.com/title/tt1360860/,1360860,No,1,0,0,1,0,0,0
M-008,About Time,2013,R,123,"420,000",7.8,17.3,55,278,0,3,"Comedy, Drama, Fantasy, Romance, Sci-Fi",5,Richard Curtis,Domhnall Gleeson,M,Rachel McAdams,F,Bill Nighy,M,"UK, USA",English,"12,000,000","15,322,921","87,100,748",18,"At the age of 21, Tim discovers he can travel in time and change what happens and has happened in his own life. His decision to make his world a better place by getting a girlfriend turns out not to be as easy as you might think.",Color,https://www.imdb.com/title/tt2194499/,2194499,No,2,2,0,0,0,0,0
M-009,Akira,1988,R,124,"220,000",8.0,20.0,68,133,0,1,"Animation, Action, Drama, Fantasy, Sci-Fi",5,Katsuhiro Otomo,Mitsuo Iwata,M,Nozumu Sasaki,M,Mami Koyama,F,Japan,Japanese,"7,449,117","553,171","3,412,741",16,A secret military project endangers Neo-Tokyo when it turns a teenage biker gang member into a rampaging psychic psychopath who can only be stopped by his best friend.,Color,https://www.imdb.com/title/tt0094625,0094625,No,1,0,0,0,0,0,1
M-010,Alien,1979,R,117,"1,000,000",8.5,22.8,89,294,1,19,"Horror, Sci-Fi",2,Ridley Scott,Sigourney Weaver,F,Tom Skerritt,M,John Hurt,M,"UK, USA",English,"11,000,000","84,206,106","109,102,567",77,The crew of a commercial spacecraft encounters a deadly lifeform after investigating an unknown transmission.,Color,https://www.imdb.com/title/tt0078748/,0078748,No,1,0,0,0,1,0,0
M-011,Amadeus,1984,PG,160,"455,000",8.4,22.9,87,129,8,43,"Biography, Drama, Music",3,Milos Forman,F. Murray Abraham,M,Tom Hulce,M,Elizabeth Berridge,F,"USA, France",English,"18,000,000","51,973,029","52,268,382",99,"The life, success and troubles of Wolfgang Amadeus Mozart, as told by Antonio Salieri, the contemporaneous composer who was deeply jealous of Mozart's talent and claimed to have murdered him.",Color,https://www.imdb.com/title/tt0086879/,0086879,Yes,1,0,0,0,1,0,0
M-012,Avatar,2009,PG-13,162,"1,400,000",7.9,20.9,83,389,3,91,"Action, Adventure, Fantasy, Sci-Fi",4,James Camerson,Sam Worthington,M,Zoe Saldana,F,Sigourney Weaver,F,USA,English,"237,000,000","785,221,649","2,923,706,026",27,A paraplegic Marine dispatched to the moon Pandora on a unique mission becomes torn between following his orders and protecting the world he feels is his home.,Color,https://www.imdb.com/title/tt0499549/,0499549,No,1,1,0,0,0,0,0
M-013,Avengers: Infinity War,2018,PG-13,149,"1,300,000",8.4,31.8,68,480,0,48,"Action, Adventure, Sci-Fi",3,Anthony Russo & Joe Russo,"Robert Downey, Jr.",M,Chris Evans,M,Mark Ruffalo,M,USA,English,"321,000,000","678,815,482","2,052,415,039",33,The Avengers and their allies must be willing to sacrifice all in an attempt to defeat the powerful Thanos before his blitz of devastation and ruin puts an end to the universe.,Color,https://www.imdb.com/title/tt4154756/,4154796,Yes,1,1,0,0,0,0,0
M-014,Avengers: Endgame,2019,PG-13,181,"1,400,000",8.4,33.5,78,488,0,70,"Action, Adventure, Sci-Fi",3,Anthony Russo & Joe Russo,"Robert Downey, Jr.",M,Chris Hemsworth,M,Mark Ruffalo,M,USA,English,"356,000,000","858,373,000","2,799,439,100",31,"After the devastating events of Avengers: Infinity War (2018), the universe is in ruins. With the help of remaining allies, the Avengers assemble once more in order to reverse Thanos' actions and restore balance to the universe.",Color,https://www.imdb.com/title/tt4154796/,4154756,Yes,4,1,1,1,0,0,1
M-015,B for Busy (Al qing shen hua),2021,NA,112,"2,100",7.4,5.9,NA,2,0,25,"Comedy, Drama, Romance",3,Shao Yihui,Zheng Xu,M,Yili Ma,F,Yue Wu,F,China,Chinese,NA,NA,NA,NA,"A divorced, retired painting teacher from Shanghai falls in love with a woman who is also divorced. The involvement of his ex-wife and a student of his makes the whole thing complicated.",Color,https://www.imdb.com/title/tt16606348,6606348,No,1,0,0,0,0,0,1
M-016,Back to the Future,1985,PG,116,"1,400,000",8.5,25.8,87,164,1,27,"Adventure, Comedy, Sci-Fi",3,Robert Zemeckis,Michael J. Fox,M,Christopher Lloyd,M,Lea Thompson,F,USA,English,"19,000,000","214,553,307","383,053,307",56,"Marty McFly, a 17-year-old high school student, is accidentally sent 30 years into the past in a time-traveling DeLorean invented by his close friend, the maverick scientist Doc Brown.",Color,https://www.imdb.com/title/tt0088763/,0088763,Yes,2,1,0,1,0,0,0
M-017,Back to the Future Part II,1989,PG,108,"606,000",7.8,15.0,57,114,0,9,"Adventure, Comedy, Sci-Fi",3,Robert Zemeckis,Michael J. Fox,M,Christopher Lloyd,M,Lea Thompson,F,USA,English,"40,000,000","119,361,197","332,861,197",36,"After visiting 2015, Marty McFly must repeat his visit to 1955 to prevent disastrous changes to 1985...without interfering with his first trip.",Color,https://www.imdb.com/title/tt0096874/,0096874,Yes,1,0,1,0,0,0,0
M-018,Barbie,2023,PG-13,114,"626,000",6.8,11.2,80,465,1,211,"Adventure, Comedy, Fantasy",3,Greta Gerwig,Margot Robbie,F,Ryan Gosling,M,Issa Rae,F,"USA, UK",English,"100,000,000","636,238,421","1,447,038,421",44,Barbie suffers a crisis that leads her to question her world and her existence.,Color,https://www.imdb.com/title/tt1517268/,1517268,No,1,0,0,0,1,0,0
M-019,Beaches,1988,PG-13,123,"30,000",7.0,18.1,46,31,0,2,"Comedy, Drama, Music",3,Garry Marshall,Bette Midler,F,Barbara Hershey,F,John Heard,M,USA,English,"20,000,000","57,041,866","57,041,866",100,"A privileged rich debutante and a cynical struggling entertainer share a turbulent, but strong childhood friendship over the years.",Color,https://www.imdb.com/title/tt0094715/,0094715,No,1,1,0,0,0,0,0
M-020,Bee Movie,2007,PG,91,"192,000",6.1,6.3,54,194,0,1,"Animation, Adventure, Comedy, Drama, Family",5,Simon J Smith & Steve Hickner,Jerry Seinfeld,M,Renee Zellweger,F,Matthew Broderick,M,"USA, Canada",English,"150,000,000","126,631,277","293,514,336",43,"Barry B. Benson is disillusioned at his lone career choice: making honey. Outside the hive, Barry's life is saved by Vanessa, a florist in New York City. As their relationship blossoms, he discovers humans eat honey and decides to sue them.",Color,https://www.imdb.com/title/tt0389790/,0389790,Yes,1,0,0,1,0,0,0
M-021,Beetlejuice,1988,PG,92,"408,000",7.4,12.6,71,167,1,7,"Comedy, Fantasy",2,Tim Burton,Alec Baldwin,M,Geena Davis,F,Michael Keaton,M,USA,English,"15,000,000","74,664,632","74,852,535",100,"The spirits of a deceased couple are harassed by an unbearable family that has moved into their home, and hire a malicious spirit to drive them out.",Color,https://www.imdb.com/title/tt0094721/,0094721,Yes,1,1,0,0,0,0,0
M-022,Being John Malkovich,1999,R,113,"365,000",7.7,12.1,90,218,0,49,"Comedy, Drama, Fantasy",3,Spike Jonze,John Cusack,M,Cameron Diaz,F,Catherine Keener,F,USA,English,"13,000,000","22,863,596","23,106,795",99,A puppeteer discovers a portal that leads literally into the head of movie star John Malkovich.,Color,https://www.imdb.com/title/tt0120601/,0120601,No,1,1,0,0,0,0,0
M-023,Best in Show,2000,PG-13,90,"71,000",7.5,12.8,78,71,0,11,Comedy,1,Christopher Guest,Fred Willard,M,Eugene Levy,M,Catherine O'Hara,F,USA,English,"10,000,000","18,715,392","20,789,556",90,A behind-the-scenes look into the highly competitive and cut-throat world of dog shows through the eyes of a group of ruthless dog owners.,Color,https://www.imdb.com/title/tt0218839,0218839,Yes,1,0,0,0,0,0,1
M-024,Big Hero 6,2014,PG,102,"538,000",7.8,14.2,74,425,1,17,"Animation, Action, Adventure, Comedy, Crime, Family, Sci-Fi",7,Don Hall & Chris Williams,Ryan Potter,M,Scott Adsit,M,Jamie Chung,F,"USA, Japan",English,"165,000,000","222,527,828","657,870,525",34,"A special bond develops between plus-sized inflatable robot Baymax and prodigy Hiro Hamada, who together team up with a group of friends to form a band of high-tech heroes.",Color,https://www.imdb.com/title/tt2245084/,2245084,No,1,0,0,0,1,0,0
M-025,The Big Lebowski,1998,R,117,"900,000",8.1,21.5,71,205,0,5,"Comedy, Crime",2,Joel Coen & Ethan Coen,Jeff Bridges,M,John Goodman,M,Julianne Moore,F,"USA, UK",English,"15,000,000","19,488,923","48,261,691",40,"Jeff ""The Dude"" Lebowski, mistaken for a millionaire of the same name, seeks restitution for his ruined rug and enlists his bowling buddies to help get it.",Color,https://www.imdb.com/title/tt0118715/,0118715,Yes,2,1,0,0,0,0,1
M-026,The Birdcage,1996,R,117,"111,000",7.2,13.1,71,49,0,7,Comedy,1,Mike Nichols,Robin Williams,M,Nathan Lane,M,Gene Hackman,M,USA,English,"31,000,000","124,060,553","185,260,553",67,"A gay cabaret owner and his drag queen companion agree to put up a false straight front so that their son can introduce them to his fiancée's right-wing, conservative parents.",Color,https://www.imdb.com/title/tt0115685,0115685,Yes,1,0,0,0,0,0,1
M-027,Black Panther,2018,PG-13,134,"889,000",7.3,13.6,88,459,3,124,"Action, Adventure, Sci-Fi",3,Ryan Coogler,Chadwick Boseman,M,Michael B. Jordan,M,Lupita Nyong'o,F,USA,English,"200,000,000","700,426,566","1,349,926,083",52,"T'Challa, heir to the hidden but advanced kingdom of Wakanda, must step forward to lead his people into a new future and must confront a challenger from his country's past.",Color,https://www.imdb.com/title/tt1825683/,1825683,Yes,1,1,0,0,0,0,0
M-028,Black Swan,2010,R,108,"870,000",8.0,15.4,79,699,1,98,"Drama, Thriller",2,Darren Aronovsky,Natalie Portman,F,Mila Kunis,F,Vincent Cassel,M,USA,English,"13,000,000","107,770,258","330,213,626",33,"Nina is a talented but unstable ballerina on the verge of stardom. Pushed to the breaking point by her artistic director and a seductive rival, Nina's grip on reality slips, plunging her into a waking nightmare.",Color,https://www.imdb.com/title/tt0947798/,0947798,No,1,1,0,0,0,0,0
M-029,Blade Runner 2049,2017,R,164,"728,000",8.0,17.4,81,591,2,100,"Action, Drama, Mystery, Sci-Fi, Thriller",5,Denis Villeneuve,Harrison Ford,M,Ryan Gosling,M,Ana de Armas,F,"USA, UK, Canada, Spain",English,"150,000,000","92,071,645","277,937,605",33,"Young Blade Runner K's discovery of a long-buried secret leads him to track down former Blade Runner Rick Deckard, who's been missing for thirty years.",Color,https://www.imdb.com/title/tt1856101/,1856101,No,1,0,0,0,1,0,0
M-030,Blue Velvet,1986,R,120,"237,000",7.7,15.3,75,250,0,18,"Crime, Drama, Mystery, Thriller",4,David Lynch,Isabella Rossellini,F,Kyle MacLachlan,M,Dennis Hopper,M,USA,English,"6,000,000","8,551,228","8,675,306",99,"The discovery of a severed human ear found in a field leads a young man on an investigation related to a beautiful, mysterious nightclub singer and a group of psychopathic criminals who have kidnapped her child.",Color,https://www.imdb.com/title/tt0090756/,0090756,No,1,0,1,0,0,0,0
M-031,The Breakfast Club,1985,R,97,"463,000",7.8,16.7,66,146,0,4,"Comedy, Drama",2,John Hughes,Emilio Estevez,M,Judd Nelson,M,Molly Ringwald,F,USA,English,"1,000,000","46,434,721","52,084,721",89,Five high school students meet in Saturday detention and discover how they have a great deal more in common than they thought.,Color,https://www.imdb.com/title/tt0088847/,0088847,Yes,1,0,0,1,0,0,0
M-032,Brideshead Revisited,2008,PG-13,153,"14,000",6.6,7.8,64,126,0,0,"Drama, Romance",2,Julian Jarrold,Matthew Goode,M,Patrick Malahide,M,Hayley Atwell,F,"UK, Italy, Morocco, USA",English,"20,000,000","6,432,256","13,451,186",48,A poignant story of forbidden love and the loss of innocence set in England prior to World War II.,Color,https://www.imdb.com/title/tt0412536/,0412536,No,1,0,0,0,1,0,0
M-033,Call Me By Your Name,2017,R,132,"347,000",7.8,21.4,94,463,1,107,"Drama, Romance",2,Luca Guadagnino,Timothee Chalamet,M,Armie Hammer,M,Michael Stuhlbarg,M,"Italy, France, USA, Brazil",English,"4,280,020","18,095,701","68,925,997",26,"In 1980s Italy, romance blossoms between a seventeen-year-old student and the older man hired as his father's research assistant.",Color,https://www.imdb.com/title/tt5726616/,5726616,No,1,0,0,0,1,0,0
M-034,Capernaum (Capharnaum),2018,R,126,"119,000",8.4,25.0,75,175,0,37,Drama,1,Nadine Labaki,Zain Al Rafeea,M,Yordanos Shiferaw,F,Boluwatife Treasure Bankole,M,"Lebanon, France, Cyprus, Qatar, UK",Arabic,"4,000,000","1,661,096","64,417,003",3,"While serving a five-year sentence for a violent crime, a 12-year-old boy sues his parents for neglect.",Color,https://www.imdb.com/title/tt8267604/,8267604,No,1,0,1,0,0,0,0
M-035,Captain Marvel,2019,PG-13,123,"644,000",6.7,8.7,64,561,0,10,"Action, Adventure, Sci-Fi",3,Anna Boden & Ryan Fleck,Brie Larson,F,Samuel L. Jackson,M,Ben Mendelsohn,M,"USA, Australia",English,"160,000,000","426,829,839","1,131,416,446",38,Carol Danvers becomes one of the universe's most powerful heroes when Earth is caught in the middle of a galactic war between two alien races.,Color,https://www.imdb.com/title/tt4154664/,4154664,Yes,1,0,0,1,0,0,0
M-036,Casablanca,1942,PG,102,"640,000",8.5,29.6,100,213,3,18,"Drama, Romance, War",3,Michael Curtiz,Humphrey Bogart,M,Ingrid Bergman,F,Paul Henreid,M,USA,English,"950,000","4,219,709","4,732,250",89,A cynical expatriate American cafe owner struggles to decide whether or not to help his former lover and her fugitive husband escape the Nazis in French Morocco.,BW,https://www.imdb.com/title/tt0034583/,0034583,Yes,1,0,1,0,0,0,0
M-037,Castle in the Sky (Tenkû no shiro Rapyuta),1986,PG,125,"193,000",8.0,17.3,78,159,0,1,"Animation, Adventure, Family, Fantasy",4,Hayao Miyazaki,Mayumi Tanaka,F,Keiko Yokozawa,F,Kotoe Hatsui,F,Japan,Japanese,"3,300,000","523,664","6,385,098",8,A young boy and a girl with a magic crystal must race against pirates and foreign agents in a search for a legendary floating castle.,Color,https://www.imdb.com/title/tt0092067/,0092067,No,1,1,0,0,0,0,0
M-038,Catch Me If You Can,2002,PG-13,141,"1,200,000",8.1,13.9,75,204,0,16,"Biography, Crime, Drama",3,Steven Spielberg,Leonardo DiCaprio,M,Tom Hanks,M,Christoper Walken,M,"USA, Canada",English,"52,000,000","164,615,351","352,114,312",47,"Barely 17 yet, Frank is a skilled forger who has passed as a doctor, lawyer and pilot. FBI agent Carl becomes obsessed with tracking down the con man, who only revels in the pursuit.",Color,https://www.imdb.com/title/tt0264464,0264464,Yes,1,0,0,0,0,0,1
M-039,Chinese Doctors (Zhong guo yi sheng),2021,NA,129,"1,300",4.7,58.3,NA,2,0,16,Drama,1,Wai Keung Lau,Hanyu Zhang,M,Quan Yuan,F,Yawen Zhu,M,"China, Hong Kong",Mandarin,NA,NA,"197,143,218",NA,"A group of doctors at a hospital in Wuhan, China are the first in the world to deal with a new disease, COVID-19.",Color,https://www.imdb.com/title/tt13696296/,13696296,No,1,0,0,0,0,1,0
M-040,Cloud Atlas,2012,R,172,"383,000",7.4,15.5,55,480,0,15,"Drama, Mystery, Sci-Fi, Thriller",4,"Tom Tykwer, Lana Wachowski, Lilly Wachowski",Tom Hanks,M,Halle Berry,F,Hugh Grant,M,"USA, Germany, Hong Kong, Singapore, China, UK, Spain",English,"102,000,000","27,108,272","130,516,424",21,"An exploration of how the actions of individual lives impact one another in the past, present and future, as one soul is shaped from a killer into a hero, and an act of kindness ripples across centuries to inspire a revolution.",Color,https://www.imdb.com/title/tt1371111/,1371111,No,3,0,1,0,1,0,1
M-041,Clue,1985,PG,94,"119,000",7.3,16.9,41,81,0,0,"Comedy, Crime, Mystery, Thriller",4,Jonathan Lynn,Eileen Brennan,F,Tim Curry,M,Madeline Kahn,F,USA,English,"15,000,000","14,643,997","14,646,501",100,"Six guests are anonymously invited to a strange mansion for dinner, but after their host is killed, they must cooperate with the staff to identify the murderer as the bodies pile up.",Color,https://www.imdb.com/title/tt0088930/,0088930,Yes,1,0,0,0,0,1,0
M-042,Clueless,1995,PG-13,97,"270,000",6.9,11.6,73,99,0,6,"Comedy, Romance",2,Amy Heckerling,Alicia Silverstone,F,Stacey Dash,F,Brittany Murphy,F,USA,English,"12,000,000","56,631,572","56,781,671",100,"Shallow, rich and socially successful Cher is at the top of her Beverly Hills high school's pecking scale. Seeing herself as a matchmaker, Cher first coaxes two teachers into dating each other.",Color,https://www.imdb.com/title/tt0112697/,0112697,No,1,0,0,1,0,0,0
M-043,Coco,2017,PG,105,"669,000",8.4,24.4,81,355,2,113,"Animation, Adventure, Drama, Family, Fantasy, Music, Mystery",7,"Lee Unkrich, Adiran Molina",Anthony Gonzalez,M,Gael Garcia Bernal,M,Benjamin Bratt,M,"USA, Japan",English,"175,000,000","210,460,015","814,641,172",26,"Aspiring musician Miguel, confronted with his family's ancestral ban on music, enters the Land of the Dead to find his great-great-grandfather, a legendary singer.",Color,https://www.imdb.com/title/tt2380307/,2380307,No,1,0,0,0,1,0,0
M-044,CODA,2021,PG-13,111,"182,000",8.0,18.6,72,267,3,69,"Comedy, Drama, Music",3,Stan Heder,Emilia Jones,F,Marlee Matlin,F,Troy Kotsur,M,"France, Canada, USA",ASL,"10,000,000",NA,"1,905,058",NA,"As a CODA (Child of Deaf Adults) Ruby is the only hearing person in her deaf family. When the family's fishing business is threatened, Ruby is torn between pursuing her passion at Berklee College of Music and abandoning her parents.",Color,https://www.imdb.com/title/tt10366460/,"10,366,460",No,1,0,0,0,1,0,0
M-045,Coming To America,1988,R,116,"235,000",7.1,10.1,47,102,0,5,"Comedy, Romance",2,John Landis,Eddie Murphy,M,Arsenio Hall,M,James Earl Jones,M,USA,English,"30,000,000","128,152,301","288,752,301",44,"An extremely pampered African prince travels to Queens, New York and goes undercover to find a wife that he can respect for her intelligence and strong will.",Color,https://www.imdb.com/title/tt0094898/,0094898,Yes,1,1,0,0,0,0,0
M-046,The Conversation,1974,PG,113,"133,000",7.7,13.7,88,196,0,14,"Drama, Mystery, Thriller",3,Francis Ford Coppola,Gene Hackman,M,John Cazale,M,Allen Garfield,M,USA,English,"1,600,000","4,852,199","4,888,092",99,"A paranoid, secretive surveillance expert has a crisis of conscience when he suspects that the couple he is spying on will be murdered.",Color,https://www.imdb.com/title/tt0071360/,0071360,Yes,1,0,0,0,0,1,0
M-047,Crazy Rich Asians,2018,PG-13,120,"204,000",6.9,9.3,74,253,0,14,"Comedy, Drama, Romance",3,Jon M. Chu,Constance Wu,F,Henry Golding,M,Michelle Yeoh,F,USA,English,"30,000,000","174,837,452","239,343,729",73,This contemporary romantic comedy based on a global bestseller follows native New Yorker Rachel Chu to Singapore to meet her boyfriend's family.,Color,https://www.imdb.com/title/tt3104988/,3104988,No,1,0,0,0,1,0,0
M-048,The Dark Knight,2008,PG-13,152,"3,100,000",9.1,45.6,85,366,2,163,"Action, Crime, Drama, Thriller",4,Christopher Nolan,Christian Bale,M,Heath Ledger,M,Aaron Eckhart,M,"USA, UK",English,"185,000,000","534,987,076","1,009,242,873",53,"When the menace known as the Joker wreaks havoc and chaos on the people of Gotham, Batman must accept one of the greatest psychological and physical tests of his ability to fight injustice.",Color,https://www.imdb.com/title/tt0468569/,1345836,Yes,6,1,1,1,1,2,0
M-049,The Dark Knight Rises,2012,PG-13,164,"1,900,000",8.4,27.1,78,534,0,45,"Action, Crime, Drama, Thriller",4,Christopher Nolan,Christian Bale,M,Tom Hardy,M,Anne Hathaway,F,"USA, UK",English,"250,000,000","448,149,584","1,115,050,227",40,"Eight years after the Joker's reign of chaos, Batman is coerced out of exile with the assistance of the mysterious Selina Kyle in order to defend Gotham City from the vicious guerrilla terrorist Bane.",Color,https://www.imdb.com/title/tt1345836/,0468569,Yes,2,1,1,0,0,0,0
M-050,Dead Poets Society,1989,PG,128,"612,000",8.1,19.4,79,129,1,20,"Comedy, Drama",2,Peter Weir,Robin Williams,M,Robert Sean Leonard,M,Ethan Hawke,M,USA,English,"16,400,000","95,860,116","235,860,116",41,"Maverick teacher John Keating returns in 1959 to the prestigious New England boys' boarding school where he was once a star student, using poetry to embolden his pupils to new heights of self-expression.",Color,https://www.imdb.com/title/tt0097165/,0097165,Yes,1,0,0,0,1,0,0
M-051,The Departed,2006,R,151,"1,500,000",8.5,22.6,85,293,4,100,"Crime, Drama, Thriller",3,Martin Scorsese,Leonardo DiCaprio,M,Matt Damon,M,Jack Nicholson,M,"USA, Hong Kong",English,"90,000,000","132,399,394","292,077,081",45,An undercover cop and a mole in the police attempt to identify each other while infiltrating an Irish gang in South Boston.,Color,https://www.imdb.com/title/tt0407887/,0407887,Yes,1,0,1,0,0,0,0
M-052,Despicable Me,2010,PG,95,"618,000",7.6,12.1,72,157,0,3,"Animation, Adventure, Comedy, Crime, Family, Sci-Fi",6,Pierre Coffin & Chris Renaud,Steve Carell,M,Jason Segel,M,Russell Brand,M,"USA, France",English,"69,000,000","251,683,815","544,174,973",46,"When a criminal mastermind uses a trio of orphan girls as pawns for a grand scheme, he finds their love is profoundly changing him for the better.",Color,https://www.imdb.com/title/tt1323594/,1323594,Yes,1,0,1,0,0,0,0
M-053,The Devil Wears Prada,2006,PG-13,109,"510,000",7.0,9.1,62,173,0,21,"Comedy, Drama",2,David Frankel,Anne Hathaway,F,Meryl Streep,F,Adrian Grenier,M,"USA, France",English,"35,000,000","124,740,460","326,554,910",38,"A smart but sensible new graduate lands a job as an assistant to Miranda Priestly, the demanding editor-in-chief of a high fashion magazine.",Color,https://www.imdb.com/title/tt0458352,0458352,No,2,0,0,0,0,1,1
M-054,Dilwale Dulhania Le Jayenge (The Brave Heart Will Take the Bride),1995,NA,181,"82,000",8.0,42.9,NA,23,0,15,"Drama, Romance",2,Aditya Chopra,Shah Rukh Khan,M,Kajol,F,Amrish Puri,M,India,Hindi,"481,203",NA,"83,096",NA,"When Raj meets Simran in Europe, it isn't love at first sight but when Simran moves to India for an arranged marriage, love makes its presence felt.",Color,https://www.imdb.com/title/tt0112870/,0112870,No,2,0,0,1,0,1,0
M-055,Divergent,2014,PG-13,139,"510,000",6.6,11.0,48,421,0,7,"Action, Adventure, Drama, Mystery, Sci-Fi",5,Neil Burger,Shailene Woodley,F,Theo James,M,Kate Winslet,F,USA,English,"85,000,000","150,947,895","288,885,818",52,"In a world divided by factions based on virtues, Tris learns she's Divergent and won't fit in. When she discovers a plot to destroy Divergents, Tris and the mysterious Four must find out what makes Divergents dangerous before it's too late.",Color,https://www.imdb.com/title/tt1840309/,1840309,No,1,0,0,0,1,0,0
M-056,Doctor Strange,2016,PG-13,115,"859,000",7.5,10.4,72,494,0,21,"Action, Adventure, Fantasy, Sci-Fi",4,Scott Derrickson,Benedict Cumberbatch,M,Chiwetel Ejiofor,M,Rachel McAdams,F,USA,English,"165,000,000","232,641,920","677,796,833",34,"While on a journey of physical and spiritual healing, a brilliant neurosurgeon is drawn into the world of the mystic arts.",Color,https://www.imdb.com/title/tt1211837/,"1,211,837",Yes,1,0,0,0,0,1,0
M-057,Doctor Zhivago,1965,PG-13,197,"85,000",7.9,20.6,69,82,5,21,"Drama, Romance, War",3,David Lean,Omar Sharif,M,Julie Christie,F,Geraldine Chaplin,F,"Italy, UK, USA",English,"11,000,000","111,721,910","112,131,648",100,"The life of a Russian physician and poet who, although married to another, falls in love with a political activist's wife and experiences hardship during World War I and then the October Revolution.",Color,https://www.imdb.com/title/tt0059113/,0059113,No,1,0,1,0,0,0,0
M-058,Doom,2005,R,105,"122,000",5.2,5.3,34,115,0,0,"Action, Horror, Sci-Fi",3,Andrzej Bartkowiak,Karl Urban,M,Rosamund Pike,F,Dwayne Johnson,M,"UK. Czech Republic, Germany, USA",English,"60,000,000","28,212,337","58,072,119",49,Space Marines are sent to investigate strange events at a research facility on Mars but find themselves at the mercy of genetically enhanced killing machines.,Color,https://www.imdb.com/title/tt0419706,0419706,No,1,0,0,0,0,0,1
M-059,Elf,2003,PG,97,"332,000",7.1,13.4,66,148,0,2,"Adventure, Comedy, Family, Fantasy, Romance",5,Jon Favreau,Will Ferrell,M,James Caan,M,Bob Newhart,M,USA,English,"33,000,000","178,053,220","230,266,511",77,"Raised as an oversized elf, Buddy travels from the North Pole to New York City to meet his biological father, Walter Hobbs, who doesn't know he exists and is in desperate need of some Christmas spirit.",Color,https://www.imdb.com/title/tt0319343/,0319343,Yes,1,0,0,1,0,0,0
M-060,Eternal Sunshine of the Spotless Mind,2004,R,108,"1,200,000",8.3,23.1,89,211,1,73,"Drama, Romance, Sci-Fi",3,Michel Gondry,Jim Carrey,M,Kate Winslet,F,Tom Wilkinson,M,USA,English,"20,000,000","34,400,301","73,066,603",47,"When their relationship turns sour, a couple undergoes a medical procedure to have each other erased from their memories for ever.",Color,https://www.imdb.com/title/tt0338013/,0338013,No,1,1,0,0,0,0,0
M-061,Eurovision Song Contest: The Story of Fire Saga,2020,PG-13,123,"107,000",6.5,9.5,50,187,0,5,"Comedy, Music",2,David Dobkin,Will Ferrell,M,Rachel McAdams,F,Dan Stevens,M,"US, Iceland, Canada",English,NA,NA,NA,NA,"When aspiring musicians Lars and Sigrit are given the opportunity to represent their country at the world's biggest song competition, they finally have a chance to prove that any dream worth having is a dream worth fighting for.",Color,https://www.imdb.com/title/tt8580274/,8580274,Yes,2,1,1,0,0,0,0
M-062,Everybody Wants Some!!,2016,R,117,"63,000",6.9,6.8,85,231,0,2,Comedy,1,Richard Linklater,Blake Jenner,M,Tyler Hoechlin,M,Ryan Guzman,M,USA,English,"10,000,000","3,400,278","4,644,472",73,"In 1980, a group of college baseball players navigate their way through the freedoms and responsibilities of unsupervised adulthood.",Color,https://www.imdb.com/title/tt2937696/,2937696,No,1,1,0,0,0,0,0
M-063,"Everything, Everywhere, All at Once",2022,R,139,"592,000",7.8,22.1,81,422,7,405,"Action, Adventure, Comedy, Drama, Fantasy, Sci-Fi",6,Daniel Kwan & Daniel Scheinert,Michelle Yeoh,F,Stephanie Hsu,F,Jamie Lee Curtis,F,USA,English,"14,300,000","77,191,785","142,804,136",54,A middle-aged Chinese immigrant is swept up into an insane adventure in which she alone can save existence by exploring other universes and connecting with the lives she could have led.,Color,https://www.imdb.com/title/tt6710474/,6710474,Yes,4,0,0,1,1,1,1
M-064,Face/Off,1997,R,138,"419,000",7.3,8.8,82,106,0,11,"Action, Crime, Sci-Fi, Thriller",4,John Woo,John Travolta,M,Nicolas Cage,M,Joan Allen,F,USA,English,"80,000,000","112,276,146","245,676,146",46,"To foil a terrorist plot, an FBI agent assumes the identity of the criminal who murdered his son through facial transplant surgery, but the crook wakes up prematurely and vows revenge.",Color,https://www.imdb.com/title/tt0119094/,0119094,Yes,1,1,0,0,0,0,0
M-065,Fantastic Mr. Fox,2009,PG,87,"293,000",7.9,15.1,83,361,0,32,"Animation, Adventure, Comedy, Crime, Drama, Family",6,Wes Anderson,George Clooney,M,Meryl Streep,F,Bill Murray,M,USA,English,"40,000,000","21,002,919","58,092,014",36,An urbane fox cannot resist returning to his farm raiding ways and then must help his community survive the farmers' retaliation.,Color,https://www.imdb.com/title/tt0432283/,0432283,No,2,0,0,0,0,1,1
M-066,Farewell My Concubine (Ba wang bie ji),1993,R,171,"36,000",8.1,29.0,84,49,0,24,"Drama, Music, Romance",3,Kaige Chen,Leslie Cheung,M,Zhang Fengyi,M,Gong Li,F,"China, Hong Kong",Mandarin,"4,000,000","5,549,086","8,442,285",66,Two boys meet at an opera training school in Peking in 1924. Their resulting friendship will span nearly 70 years and endure some of the most troublesome times in China's history.,Color,https://www.imdb.com/title/tt0106332/,0106332,No,2,1,0,0,1,0,0
M-067,Fear and Loathing in Las Vegas,1998,R,118,"314,000",7.5,17.8,41,156,0,1,"Adventure, Comedy, Drama",3,Terry Gilliam,Johnny Depp,M,Benicio Del Toro,M,Tobey Maguire,M,USA,English,"18,500,000","10,680,275","10,680,275",100,An oddball journalist and his psychopathic lawyer travel to Las Vegas for a series of psychedelic escapades.,Color,https://www.imdb.com/title/tt0120669,0106332,No,1,0,0,0,0,0,1
M-068,Finding Nemo,2003,G,100,"1,200,000",8.2,17.3,90,123,1,49,"Animation, Adventure, Comedy, Family",4,Andrew Stanton and Lee Unkrich,Albert Brooks,M,Ellen DeGeneres,F,Alexander Gould,M,"USA, Japan",English,"94,000,000","380,843,261","941,637,960",40,"After his son is captured in the Great Barrier Reef and taken to Sydney, a timid clownfish sets out on a journey to bring him home.",Color,https://www.imdb.com/title/tt0266543/,0266543,Yes,1,0,0,0,0,1,0
M-069,A Fistful of Dollars,1964,R,99,"248,000",7.9,12.9,65,149,0,1,"Drama, Western",2,Sergio Leone,Clint Eastwood,M,Gian Maria Volonte,M,Marianne Koch,F,"Italy, Spain, West Germany",English,"200,000","14,500,000","14,516,248",100,"A wandering gunfighter plays two rival families against each other in a town torn apart by greed, pride, and revenge.",Color,https://www.imdb.com/title/tt0058461/,0058461,No,1,0,1,0,0,0,0
M-070,Flags of our Fathers,2006,R,135,"133,000",7.1,6.1,79,267,0,16,"Action, Adventure, Drama, History, War",5,Clint Eastwood,Ryan Phillippe,M,Barry Pepper,M,Joseph Cross,M,USA,English,"90,000,000","33,602,376","65,900,249",51,"The life stories of the six men who raised the flag at the Battle of Iwo Jima, a turning point in World War II.",Color,https://www.imdb.com/title/tt0418689/,0418689,No,1,0,1,0,0,0,0
M-071,Flipped,2010,PG,90,"104,000",7.7,16.9,45,79,0,2,"Comedy, Drama, Romance",3,Rob Reiner,Madeline Carroll,F,Callan McAuliffe,M,Rebecca De Mornay,F,USA,English,"14,000,000","1,755,212","6,158,464",29,"When Juli meets Bryce in the second grade, she knows it's true love. After spending six years trying to convince Bryce the same, she's ready to give up - until he starts to reconsider.",Color,https://www.imdb.com/title/tt0817177/,0817177,No,1,0,0,0,0,1,0
M-072,Forrest Gump,1994,PG-13,142,"2,400,000",8.8,33.9,82,123,6,51,"Drama, Romance",2,Robert Zemeckis,Tom Hanks,M,Robin Wright,F,Gary Sinise,M,USA,English,"55,000,000","330,455,270","678,226,465",49,"The history of the United States from the 1950s to the '70s unfolds from the perspective of an Alabama man with an IQ of 75, who yearns to be reunited with his childhood sweetheart.",Color,https://www.imdb.com/title/tt0109830,0109830,Yes,1,0,0,0,0,0,1
M-073,Full Metal Jacket,1987,R,116,"833,000",8.2,16.4,78,184,0,8,"Drama, War",2,Stanley Kubrick,Matthew Modine,M,R. Lee Ermey,M,Vincent D'Onofrio,M,"UK, USA",English,"30,000,000","46,357,676","50,875,563",91,A pragmatic U.S. Marine observes the dehumanizing effects the Vietnam War has on his fellow recruits from their brutal boot camp training to the bloody street fighting in Hue.,Color,https://www.imdb.com/title/tt0093058/,0093058,No,1,0,0,1,0,0,0
M-074,Gattaca,1997,PG-13,106,"340,000",7.7,12.6,64,173,0,6,"Drama, Sci-Fi, Thriller",3,Andrew Niccol,Ethan Hawke,M,Uma Thurman,F,Jude Law,M,USA,English,"36,000,000","12,532,777","12,533,963",100,A genetically inferior man assumes the identity of a superior one in order to pursue his lifelong dream of space travel.,Color,https://www.imdb.com/title/tt0119177/,0119177,No,2,0,1,1,0,0,0
M-075,Get Out,2017,R,104,"779,000",7.8,11.6,85,451,1,154,"Horror, Mystery, Thriller",3,Jordan Peele,Daniel Kaluuya,M,Allison Williams,F,Bradley Whitford,M,"USA, Japan",English,"4,500,000","176,196,665","259,847,228",68,"A young African-American visits his White girlfriend's parents for the weekend, where his simmering uneasiness about their reception of him eventually reaches a boiling point.",Color,https://www.imdb.com/title/tt5052448/,5052448,No,1,0,1,0,0,0,0
M-076,Get Smart,2008,PG-13,110,"235,000",6.5,5.7,54,275,0,3,"Action, Adventure, Comedy",3,Peter Segal,Steve Carell,M,Anne Hathaway,F,Alan Arkin,M,USA,English,"80,000,000","130,319,208","230,685,453",56,"Maxwell Smart, a highly intellectual but bumbling spy working for the CONTROL agency, is tasked with preventing a terrorist attack from rival spy agency KAOS.",Color,https://www.imdb.com/title/tt0425061/,0425061,Yes,1,1,0,0,0,0,0
M-077,Ghost,1990,PG-13,127,"250,000",7.1,10.2,52,99,2,18,"Drama, Fantasy, Romance, Thriller",4,Jerry Zucker,Patrick Swayze,M,Demi Moore,F,Whoopi Goldberg,F,USA,English,"22,000,000","217,631,306","505,703,557",43,"After a young man is murdered, his spirit stays behind to warn his lover of impending danger, with the help of a reluctant psychic.",Color,https://www.imdb.com/title/tt0099653/,0099653,No,1,0,1,0,0,0,0
M-078,Gifted Hands: The Ben Carson Story,2009,NA,90,"20,000",7.4,14.7,NA,9,0,8,"Biography, Drama",2,Thomas Carter,Cuba Gooding Jr,M,Kimberly Elise,F,Aunjanue Ellis-Taylor,F,USA,English,NA,NA,NA,NA,"Biography of Ben Carson who grew up to be Dr. Ben Carson, a world famous neurosurgeon at Johns Hopkins.",Color,https://www.imdb.com/title/tt1295085/,1295085,No,1,0,0,0,1,0,0
M-079,The Gingerdead Man,2005,NA,70,"5,200",3.4,8.8,NA,61,0,0,"Comedy, Fantasy, Horror",3,Charles Band,Gary Busey,M,Robin Sydney,F,Ryan Locke,M,USA,English,NA,NA,NA,NA,An evil yet adorable Gingerbread man comes to life with the soul of a convicted killer - this real life cookie monster wreaks havoc on the girl who sent the killer to the electric chair.,Color,https://www.imdb.com/title/tt0364376/,0364376,No,1,0,0,0,1,0,0
M-080,The Girl with the Dragon Tattoo,2011,R,158,"519,000",7.8,10.7,71,539,1,26,"Crime, Drama, Mystery, Thriller",4,David Fincher,Daniel Craig,M,Rooney Mara,F,Christopher Plummer,M,"USA, Sweden, Norway",English,"90,000,000","102,515,793","232,617,430",44,Journalist Mikael Blomkvist is aided in his search for a woman who has been missing for 40 years by young computer hacker Lisbeth Salander.,Color,https://www.imdb.com/title/tt1568346/,1568346,No,1,1,0,0,0,0,0
M-081,Gladiator,2000,R,155,"1,800,000",8.5,26.5,67,187,5,60,"Action, Adventure, Drama",3,Ridley Scott,Russell Crowe,M,Joaquin Phoenix,M,Connie Nielsen,F,"USA, UK, Malta, Morocco",English,"103,000,000","187,705,427","465,516,248",40,A former Roman General sets out to exact vengeance against the corrupt emperor who murdered his family and sent him into slavery.,Color,https://www.imdb.com/title/tt0172495,0172495,Yes,1,0,0,0,0,1,0
M-082,The Godfather,1972,R,175,"2,200,000",9.2,51.5,100,233,3,31,"Crime, Drama",2,Francis Ford Coppola,Marlon Brando,M,Al Pacino,M,James Caan,M,USA,English,"6,000,000","136,381,073","250,342,198",54,"Don Vito Corleone, head of a mafia family, decides to hand over his empire to his youngest son Michael. However, his decision unintentionally puts the lives of his loved ones in grave danger.",Color,https://www.imdb.com/title/tt0068646/,0068646,Yes,3,1,0,0,2,0,0
M-083,"The Godfather, Part II",1974,R,142,"1,500,000",9.0,43.2,90,160,6,17,"Crime, Drama",2,Francis Ford Coppola,Al Pacino,M,Robert DeNiro,M,Robert Duvall,M,USA,English,"13,000,000","47,834,595","48,005,720",100,"The early life and career of Vito Corleone in 1920s New York City is portrayed, while his son, Michael, expands and tightens his grip on the family crime syndicate.",Color,https://www.imdb.com/title/tt0071562,0071562,Yes,1,0,0,0,0,0,1
M-084,"Godzilla, King of the Monsters",2019,PG-13,132,"223,000",6.0,7.5,48,387,0,5,"Action, Adventure, Fantasy, Sci-Fi",4,Michael Dougherty,Kyle Chandler,M,Vera Farmiga,F,Millie Bobby Brown,F,"USA, Japan, China",English,"170,000,000","110,500,138","387,300,138",29,"The crypto-zoological agency Monarch faces off against a battery of god-sized monsters, including the mighty Godzilla, who collides with Mothra, Rodan, and his ultimate nemesis, the three-headed King Ghidorah.",Color,https://www.imdb.com/title/tt3741700,3741700,No,1,0,0,0,0,0,1
M-085,Good Will Hunting,1997,R,126,"1,200,000",8.3,20.5,71,157,2,25,"Drama, Romance",2,Gus Van Sant,Matt Damon,M,Ben Affleck,M,Robin Williams,M,USA,English,"10,000,000","138,433,435","225,933,435",61,"Will Hunting, a janitor at M.I.T., has a gift for mathematics, but needs help from a psychologist to find direction in his life.",Color,https://www.imdb.com/title/tt0119217/,0119217,Yes,4,0,0,0,1,1,2
M-086,The Goonies,1985,PG,114,"318,000",7.7,19.8,62,125,0,4,"Adventure, Comedy, Family",3,Richard Donner,Sean Astin,M,Josh Brolin,M,Jeff Cohen,M,USA,English,"19,000,000","63,711,145","64,684,512",98,A group of young misfits called The Goonies discover an ancient map and set out on an adventure to find a legendary pirate's long-lost treasure.,Color,https://www.imdb.com/title/tt0089218,0089218,No,1,0,0,0,0,0,1
M-087,The Grand Budapest Hotel,2014,R,99,"941,000",8.1,16.2,88,526,4,135,"Comedy, Drama",2,Wes Anderson,Ralph Fiennes,M,F. Murray Abraham,M,Edward Norton,M,"USA, Germany",English,"25,000,000","59,301,324","147,567,384",40,"A writer encounters the owner of an aging high-class hotel, who tells him of his early years serving as a lobby boy in the hotel's glorious years under an exceptional concierge.",Color,https://www.imdb.com/title/tt2278388/,2278388,No,4,1,1,0,0,2,0
M-088,Gravity,2013,PG-13,91,"888,000",7.7,11.8,96,802,7,240,"Drama, Sci-Fi, Thriller",3,Alfonso Cuaron,Sandra Bullock,F,George Clooney,M,Ed Harris,M,"UK, USA",English,"100,000,000","274,092,705","723,753,370",38,Two astronauts work together to survive after an accident leaves them stranded in space.,Color,https://www.imdb.com/title/tt1454468/,1454468,No,1,0,0,1,0,0,0
M-089,The Great Muppet Caper,1981,G,97,"18,000",7.1,12.7,70,37,0,1,"Adventure, Comedy, Crime, Family, Musical, Mystery",6,Jim Henson,Jim Henson,M,Frank Oz,M,Dave Goelz,M,"UK, USA",English,NA,"31,206,251","31,206,251",100,"Kermit the Frog, The Great Gonzo, and Fozzie Bear are reporters who travel to Britain to interview a rich victim of jewel thieves and help her along with her secretary, Miss Piggy.",Color,https://www.imdb.com/title/tt0082474/,0082474,Yes,1,0,1,0,0,0,0
M-090,The Greatest Showman,2017,PG,105,"336,000",7.5,21.4,48,341,0,17,"Biography, Drama, Musical",3,Michael Gracey,Hugh Jackman,M,Michelle Williams,F,Zac Efron,M,USA,English,"84,000,000","174,340,174","471,871,490",37,Celebrates the birth of show business and tells of a visionary who rose from nothing to create a spectacle that became a worldwide sensation.,Color,https://www.imdb.com/title/tt1485796/,1485796,No,1,1,0,0,0,0,0
M-091,Green Book,2018,PG-13,130,"653,000",8.2,17.9,69,435,3,58,"Biography, Comedy, Drama, Music",4,Peter Farrelly,Viggo Mortensen,M,Mahershala Ali,M,Linda Cardellini,F,"China, Japan, USA",English,"23,000,000","85,080,171","321,752,656",26,A working-class Italian-American bouncer becomes the driver for an African-American classical pianist on a tour of venues through the 1960s American South.,Color,https://www.imdb.com/title/tt6966692,6966692,No,1,0,0,0,0,0,1
M-092,The Green Mile,1999,R,189,"1,500,000",8.6,27.1,61,115,0,15,"Crime, Drama, Fantasy, Mystery",4,Frank Darabont,Tom Hanks,M,Michael Clarke Duncan,M,David Morse,M,USA,English,"60,000,000","136,801,374","286,801,374",48,"A tale set on death row in a Southern jail, where gentle giant John possesses the mysterious power to heal people's ailments. When the lead guard, Paul, recognizes John's gift, he tries to help stave off the condemned man's execution.",Color,https://www.imdb.com/title/tt0120689/,0120689,Yes,1,0,1,0,0,0,0
M-093,The Grey,2012,R,117,"271,000",6.7,6.9,64,358,0,2,"Action, Adventure, Drama, Horror, Thriller",5,Joe Carnahan,Liam Neeson,M,Dermot Mulroney,M,Frank Grillo,M,USa,English,"25,000,000","51,580,236","79,781,695",65,"After their plane crashes in Alaska, six oil workers are led by a skilled huntsman to survival, but a pack of merciless wolves haunts their every step.",Color,https://www.imdb.com/title/tt1601913/,1601913,No,1,1,0,0,0,0,0
M-094,Hacksaw Ridge,2016,R,139,"653,000",8.1,18.9,71,419,2,57,"Biography, Drama, History, War",4,Mel Gibson,Andrew Garfield,M,Sam Worthington,M,Luke Bracey,M,"Australia, USA, UK, China",English,"40,000,000","67,209,615","180,563,636",37,"World War II American Army Medic Desmond T. Doss, serving during the Battle of Okinawa, refuses to kill people and becomes the first man in American history to receive the Medal of Honor without firing a shot.",Color,https://www.imdb.com/title/tt2119532/,2119532,No,1,0,0,0,1,0,0
M-095,Harold and Maude,1971,PG,91,"85,000",7.8,23.4,62,98,0,3,"Comedy, Drama, Romance",3,Hal Ashby,Ruth Gordon,F,Bud Cort,M,Vivian Pickles,F,USA,English,"1,200,000",NA,"4,535",NA,"Young, rich, and obsessed with death, Harold finds himself changed forever when he meets lively septuagenarian Maude at a funeral.",Color,https://www.imdb.com/title/tt0067185/,0067185,No,1,1,0,0,0,0,0
M-096,Harry Potter and The Sorcerer's Stone,2001,PG,152,"919,000",7.7,18.4,65,157,0,20,"Adventure, Family, Fantasy",3,Chris Columbus,Daniel Radcliffe,M,Rupert Grint,M,Richard Harris,M,"UK, USA",English,"125,000,000","318,886,962","1,028,538,783",31,"An orphaned boy enrolls in a school of wizardry, where he learns the truth about himself, his family and the terrible evil that haunts the magical world.",Color,https://www.imdb.com/title/tt0241527/,0241527,Yes,3,0,0,1,0,2,0
M-097,Harry Potter and the Chamber of Secrets,2002,PG,161,"742,000",7.5,14.9,63,148,0,14,"Adventure, Family, Fantasy, Mystery",4,Chris Columbus,Daniel Radcliffe,M,Rupert Grint,M,Emma Watson,F,"UK, USA",English,"100,000,000","262,641,637","882,933,392",30,An ancient prophecy seems to be coming true when a mysterious presence begins stalking the corridors of a school of magic and leaving its victims paralyzed.,Color,https://www.imdb.com/title/tt0295297,0295297,Yes,1,0,0,0,1,0,0
M-098,Harry Potter and the Prisoner of Azkaban,2004,PG,142,"741,000",7.9,19.0,82,253,0,17,"Adventure, Family, Fantasy, Mystery",4,Alfonso Cuaron,Daniel Radcliffe,M,Emma Watson,F,Rupert Grint,M,"UK, USA",English,"130,000,000","250,105,651","810,004,984",31,"Harry Potter, Ron and Hermione return to Hogwarts School of Witchcraft and Wizardry for their third year of study, where they delve into the mystery surrounding an escaped prisoner who poses a dangerous threat to the young wizard.",Color,https://www.imdb.com/title/tt0304141,0304141,Yes,1,0,0,0,0,0,1
M-099,The Hateful Eight,2015,R,168,"703,000",7.8,12.0,68,587,1,46,"Crime, Drama, Mystery, Thriller, Western",5,Quentin Tarantino,Samuel L. Jackson,M,Kurt Russell,M,Jennifer Jason Leigh,F,USA,English,"44,000,000","54,117,416","161,217,616",34,"In the dead of a Wyoming winter, a bounty hunter and his prisoner find shelter in a cabin currently inhabited by a collection of nefarious characters.",Color,https://www.imdb.com/title/tt3460252/,3460252,No,2,1,0,0,0,0,1
M-100,The Help,2011,PG-13,146,"519,000",8.1,17.4,62,302,1,79,Drama,1,Tate Taylor,Viola Davis,F,Emma Stone,F,Octavia Spencer,F,"USA, India",English,"25,000,000","169,708,112","221,802,186",77,"An aspiring author during the civil rights movement of the 1960s decides to write a book detailing the African American maids' point of view on the white families for which they work, and the hardships they go through on a daily basis.",Color,https://www.imdb.com/title/tt1454029,1454029,No,1,0,0,0,0,0,1
M-101,Hereditary,2018,R,127,"433,000",7.3,11.7,87,523,0,52,"Drama, Horror, Mystery, Thriller",4,Ari Aster,Toni Collette,F,Milly Shapiro,F,Gabriel Byrne,M,USA,English,"10,000,000","44,069,456","90,190,117",49,A grieving family is haunted by tragic and disturbing occurrences.,Color,https://www.imdb.com/title/tt7784604/,7784604,No,1,0,0,0,1,0,0
M-102,Hidden Figures,2016,PG,127,"280,000",7.8,14.6,74,388,0,37,"Biography, Drama, History",3,Theodore Melfi,Taraji P. Henson,F,Octavia Spencer,F,Janelle Monae,F,USA,English,"25,000,000","169,607,287","237,613,666",71,The story of a team of female African-American mathematicians who served a vital role in NASA during the early years of the U.S. space program.,Color,https://www.imdb.com/title/tt4846340/,4846340,No,2,1,0,0,0,1,0
M-103,High School Musical 2,2007,TV-G,104,"70,000",5.3,14.1,NA,42,0,5,"Comedy, Drama, Family, Music, Musical, Romance",6,Kenny Ortega,Zac Efron,M,Vanessa Hudgens,F,Ashley Tisdale,F,USA,English,"7,000,000",NA,NA,NA,School's out for summer and the East High Wildcats are ready to make it the time of their lives after landing jobs in a wealthy country club owned by Sharpay and Ryan's family.,Color,https://www.imdb.com/title/tt0810900/,0810900,No,1,0,0,1,0,0,0
M-104,The Hobbit: An Unexpected Journey,2012,PG-13,169,"911,000",7.8,18.3,58,372,0,11,"Adventure, Fantasy",2,Peter Jackson,Martin Freeman,M,Ian McKellen,M,Richard Armitage,M,"New Zealand, USA",English,"180,000,000","303,030,651","1,017,107,150",30,"A reluctant Hobbit, Bilbo Baggins, sets out to the Lonely Mountain with a spirited group of dwarves to reclaim their mountain home, and the gold within it from the dragon Smaug.",Color,https://www.imdb.com/title/tt0903624/,0903624,Yes,1,0,0,1,0,0,0
M-105,Hocus Pocus,1993,PG,96,"166,000",6.9,19.9,43,78,0,2,"Comedy, Family, Fantasy",3,Kenny Ortega,Bette Midler,F,Sarah Jessica Parker,F,Kathy Najimy,F,USA,English,"28,000,000","46,194,549","48,706,598",95,"A teenage boy named Max and his little sister move to Salem, where he struggles to fit in before awakening a trio of diabolical witches that were executed in the 17th century.",Color,https://www.imdb.com/title/tt0107120/,0107120,No,1,0,0,1,0,0,0
M-106,Home Alone,1990,PG,103,"706,000",7.7,16.7,63,104,0,12,"Comedy, Family",2,Chris Columbus,Macaulay Culkin,M,Joe Pesci,M,Daniel Stern,M,USA,English,"18,000,000","285,761,243","476,684,675",60,"An eight-year-old troublemaker, mistakenly left home alone, must defend his home against a pair of burglars on Christmas eve.",Color,https://www.imdb.com/title/tt0099785/,0099785,Yes,2,1,0,0,1,0,0
M-107,Hot Fuzz,2007,R,121,"557,000",7.8,16.4,81,314,0,2,"Action, Comedy, Mystery, Thriller",4,Edgar Wright,Simon Pegg,M,Nick Frost,M,Martin Freeman,M,"UK, France, USA",English,"9,971,992","23,637,265","80,581,021",29,"A skilled London police officer, after irritating superiors with his embarrassing effectiveness, is transferred to a village where the easygoing officers object to his fervor for regulations, as a string of grisly murders strikes the town.",Color,https://www.imdb.com/title/tt0425112/,0425112,Yes,1,1,0,0,0,0,0
M-108,House Party 2,1991,R,94,"7,300",5.3,9.5,NA,13,0,0,"Comedy, Drama, Music",3,George Jackson & Doug McHenry,Christopher Reid,M,Christopher Martin,M,Martin Lawrence,M,USA,English,"5,000,000","19,438,638","19,438,638",100,"When Kid's college money is stolen by a crooked music promoter, Play's solution is to stage the 'mutha' of all pajama parties. Starring Kid 'n Play and Martin Lawrence.",Color,https://www.imdb.com/title/tt0102065/,0102065,No,1,1,0,0,0,0,0
M-109,How the Grinch Stole Christmas,2000,PG,104,"315,000",6.4,10.8,46,131,1,18,"Comedy, Family, Fantasy",3,Ron Howard,Jim Carrey,M,Taylor Momsen,F,Jeffrey Tambor,M,"USA, Germany",English,"123,000,000","261,901,880","347,162,175",75,"On the outskirts of Whoville lives a green, revenge-seeking Grinch who plans to ruin Christmas for all of the citizens of the town.",Color,https://www.imdb.com/title/tt0170016/,0170016,No,1,1,0,0,0,0,0
M-110,Howl's Moving Castle (Hauru no ugoku shiro),2004,PG,119,"494,000",8.2,23.3,82,258,0,14,"Animation, Adventure, Family, Fantasy",4,Hayao Miyazaki,Chieko Baisho,F,Takuya Kimura,M,Tatsuya Gashuin,M,Japan,Japanese,"24,000,000","9,173,958","241,286,155",4,"When an unconfident young woman is cursed with an old body by a spiteful witch, her only chance of breaking the spell lies with a self-indulgent yet insecure young wizard and his companions in his legged, walking castle.",Color,https://www.imdb.com/title/tt0347149/,0347149,No,1,0,0,0,1,0,0
M-111,The Hunger Games,2012,PG-13,142,"1,100,000",7.2,12.6,68,450,0,34,"Action, Adventure, Sci-Fi, Thriller",4,Gary Ross,Jennifer Lawrence,F,Josh Hutcherson,M,Liam Hemsworth,M,USA,English,"78,000,000","408,010,692","695,220,619",59,Katniss Everdeen voluntarily takes her younger sister's place in the Hunger Games: a televised competition in which two teenagers from each of the twelve Districts of Panem are chosen at random to fight to the death.,Color,https://www.imdb.com/title/tt1392170/,1392170,No,2,0,1,0,0,1,0
M-112,The Hunger Games: Catching Fire,2013,PG-13,146,"757,000",7.5,14.2,76,523,0,22,"Action, Adventure, Sci-Fi, Thriller",4,Francis Lawrence,Jennifer Lawrence,F,Josh Hutcherson,M,Liam Hemsworth,M,USA,English,"130,000,000","424,668,047","865,011,746",49,Katniss Everdeen and Peeta Mellark become targets of the Capitol after their victory in the 74th Hunger Games sparks a rebellion in the Districts of Panem.,Color,https://www.imdb.com/title/tt1951264/,1951264,No,1,0,0,0,1,0,0
M-113,The Hunt for Red October,1990,PG,135,"226,000",7.5,10.1,58,94,1,3,"Action, Adventure, Thriller",3,John McTiernan,Sean Connery,M,Alec Baldwin,M,Scott Glenn,M,USA,English,"30,000,000","122,012,643","200,512,643",61,"In November 1984, the Soviet Union's best submarine captain violates orders and heads for the U.S. in a new undetectable sub. The American CIA and military must quickly determine: Is he trying to defect or to start a war?",Color,https://www.imdb.com/title/tt0099810/,0099810,Yes,1,0,0,0,0,1,0
M-114,The Imitation Game,2014,PG-13,114,"862,000",8.0,13.5,71,398,1,49,"Biography, Drama, Thriller, War",4,Morten Tyldum,Benedict Cumberbatch,M,Keira Knightley,F,Matthew Goode,M,"UK, USA",English,"14,000,000","91,125,683","233,555,708",39,"During World War II, the English mathematical genius Alan Turing tries to crack the German Enigma code with help from fellow mathematicians while attempting to come to terms with his troubled private life.",Color,https://www.imdb.com/title/tt2084970/,2084970,Yes,1,0,0,0,1,0,0
M-115,In The Heights,2021,PG-13,143,"55,000",7.2,16.0,84,234,0,11,"Drama, Musical, Romance",3,Jon M. Chu,Anthony Ramos,M,Corey Hawkins,M,Leslie Grace,F,USA,English,"55,000,000","29,975,167","45,175,167",66,"A film version of the Broadway musical in which Usnavi, a sympathetic New York bodega owner, saves every penny every day as he imagines and sings about a better life.",Color,https://www.imdb.com/title/tt1321510/,1321510,Yes,1,0,1,0,0,0,0
M-116,In the Mood for Love (Fa yeung nin wah),2000,PG,98,"182,000",8.0,21.6,87,66,0,45,"Drama, Romance",2,Wong Kar-Wai,Maggie Cheung,F,Tony Leung Chiu-wai,M,Ping-Lam Siu,M,"Hong Kong, France",Cantonese,"3,526,598",NA,"16,603,586",NA,"Two neighbors form a strong bond after both suspect extramarital activities of their spouses. However, they agree to keep their bond platonic so as not to commit similar wrongs.",Color,https://www.imdb.com/title/tt0118694,0118694,No,1,0,0,0,0,0,1
M-117,Inception,2010,PG-13,148,"2,700,000",8.8,34.2,74,488,4,159,"Action, Adventure, Sci-Fi, Thriller",4,Christopher Nolan,Leonardo DiCaprio,M,Joseph Gordon-Levitt,M,Elliot Page,F,"USA, UK",English,"160,000,000","292,587,330","839,786,473",35,"A thief who steals corporate secrets through the use of dream-sharing technology is given the inverse task of planting an idea into the mind of a C.E.O., but his tragic past may doom the project and his team to disaster.",Color,https://www.imdb.com/title/tt1375666/,1375666,Yes,11,2,2,1,1,3,2
M-118,Indiana Jones and the Last Crusade,1989,PG-13,127,"848,000",8.2,18.5,65,144,1,9,"Action, Adventure",2,Steven Spielberg,Harrison Ford,M,Sean Connery,M,Alison Doody,F,USA,English,"48,000,000","197,171,806","474,171,806",42,"In 1938, after his father goes missing while pursuing the Holy Grail, Indiana Jones finds himself up against the Nazis again to stop them from obtaining its powers.",Color,https://www.imdb.com/title/tt0097576/,0097576,Yes,1,0,0,0,0,1,0
M-119,Inglourious Basterds,2009,R,153,"1,700,000",8.4,20.5,69,295,1,134,"Adventure, Drama, War",3,Quentin Tarantino,Brad Pitt,M,Diane Kruger,F,Eli Roth,M,"Germany, USA",English,"70,000,000","120,540,719","321,460,744",37,"In Nazi-occupied France during World War II, a plan to assassinate Nazi leaders by a group of Jewish U.S. soldiers coincides with a theatre owner's vengeful plans for the same.",Color,https://www.imdb.com/title/tt0361748/,0361748,Yes,2,0,0,1,0,1,0
M-120,Inside Out 2,2024,PG,96,"231,000",7.7,12.1,73,273,0,7,"Animation, Adventure, Comedy, Drama, Family, Fantasy, Sport",7,Kelsey Mann,Amy Poehler,F,Maya Hawke,F,Kensington Tallman,F,"USA, Japan",English,"200,000,000","652,980,194","1,698,863,816",38,"A sequel that features Riley entering puberty and experiencing brand new, more complex emotions as a result. As Riley tries to adapt to her teenage years, her old emotions try to adapt to the possibility of being replaced.",Color,https://www.imdb.com/title/tt22022452,22022452,No,1,0,0,0,0,1,0
M-121,Interstellar,2014,PG-13,169,"2,400,000",8.7,40.3,74,511,1,44,"Adventure, Drama, Sci-Fi",3,Christopher Nolan,Matthew McConaughey,M,Anne Hathaway,F,Jessica Chastain,F,"USA, UK, Canada",English,"165,000,000","203,227,580","759,161,023",27,"When Earth becomes uninhabitable in the future, a farmer and ex-NASA pilot, Joseph Cooper, is tasked to pilot a spacecraft, along with a team of researchers, to find a new planet for humans.",Color,https://www.imdb.com/title/tt0816692/,0816692,No,6,1,1,2,2,0,0
M-122,Iron Man,2008,PG-13,126,"1,200,000",7.9,13.9,79,557,0,24,"Action, Adventure, Sci-Fi",3,Jon Favreau,"Robert Downey, Jr.",M,Gwyneth Paltrow,F,Terrence Howard,M,"USA, Canada",English,"140,000,000","319,034,126","585,796,247",54,"After being held captive in an Afghan cave, billionaire engineer Tony Stark creates a unique weaponized suit of armor to fight evil.",Color,https://www.imdb.com/title/tt0371746/,0371746,Yes,1,0,1,0,0,0,0
M-123,Jab We Met (When We Met),2007,NA,138,"63,000",7.9,20.7,NA,18,0,14,"Comedy, Drama, Romance",3,Imtiaz Ali,Shahid Kapoor,M,Kareena Kapoor Khan,F,Tarun Arora,M,India,Hindi,"2,045,114",NA,"10,065,630",NA,A depressed wealthy businessman finds his life changing after he meets a spunky and care-free young woman.,Color,https://www.imdb.com/title/tt1093370/,1093370,No,1,0,1,0,0,0,0
M-124,Jaws,1975,PG,124,"717,000",8.1,18.8,87,290,3,16,"Adventure, Horror, Thriller",3,Steven Spielberg,Roy Scheider,M,Robert Shaw,M,Richard Dreyfus,M,USA,English,"7,000,000","280,083,300","490,736,300",57,"When a killer shark unleashes chaos on a beach community off Cape Cod, it's up to a local sheriff, a marine biologist, and an old seafarer to hunt the beast down.",Color,https://www.imdb.com/title/tt0073195/,0073195,Yes,1,0,0,0,0,1,0
M-125,John Wick,2014,R,101,"801,000",7.5,13.1,68,327,0,5,"Action, Crime, Thriller",3,Chad Stahelski & David Leitch,Keanu Reeves,M,Michael Nyqvist,M,Alfie Allen,M,"USA, UK, China",English,"20,000,000","43,037,835","86,085,191",50,An ex-hitman comes out of retirement to track down the gangsters who killed his dog and stole his car.,Color,https://www.imdb.com/title/tt2911666/,2911666,Yes,1,0,1,0,0,0,0
M-126,Joker,2019,R,122,"1,600,000",8.3,26.7,59,724,2,120,"Crime, Drama, Thriller",3,Todd Phillips,Joaquin Phoenix,M,Robert De Niro,M,Zazie Beetz,F,"USA, Canada",English,"55,000,000","335,477,657","1,078,958,629",31,"During the 1980s, a failed stand-up comedian is driven insane and turns to a life of crime and chaos in Gotham City while becoming an infamous psychopathic crime figure.",Color,https://www.imdb.com/title/tt7286456/,7286456,Yes,2,0,0,1,0,1,0
M-127,Jurassic Park,1993,PG-13,127,"1,100,000",8.2,19.2,68,231,3,44,"Action, Adventure, Sci-Fi, Thriller",4,Steven Spielberg,Sam Neill,M,Laura Dern,F,Jeff Goldblum,M,USA,English,"63,000,000","407,185,075","1,104,379,926",37,A pragmatic paleontologist touring an almost complete theme park on an island in Central America is tasked with protecting a couple of kids after a power failure causes the park's cloned dinosaurs to run loose.,Color,https://www.imdb.com/title/tt0107290/,0107290,No,2,0,0,1,0,0,1
M-128,Kiki's Delivery Service (Majo no takkyûbin),1989,G,103,"181,000",7.8,14.8,85,142,0,4,"Animation, Family, Fantasy",3,Hayao Miyazaki,Kirsten Dunst,F,Minami Takayama,F,Rei Sakuma,F,Japan,Japanese,"5,412,170","1,004,057","10,417,333",10,"A young witch, on her mandatory year of independent life, finds fitting into a new community difficult while she supports herself by running an air courier service.",Color,https://www.imdb.com/title/tt0097814/,0097814,No,2,0,1,0,0,1,0
M-129,"Kill Bill, volume 1",2003,R,111,"1,300,000",8.2,18.3,69,211,0,30,"Action, Crime, Thriller",3,Quentin Tarantino,Uma Thurman,F,David Carradine,M,Daryl Hannah,F,USA,English,"30,000,000","70,099,045","180,908,413",39,"After waking from a four-year coma, a former assassin wreaks vengeance on the team of assassins who betrayed her.",Color & BW,https://www.imdb.com/title/tt0266697,0266697,No,1,0,0,0,0,0,1
M-130,The King's Speech,2010,R,118,"726,000",8.0,12.1,88,486,4,109,"Biography, Drama, History",3,Tom Hooper,Colin Firth,M,Geoffrey Rush,M,Helena Bonham Carter,F,"UK, USA",English,"15,000,000","138,797,449","414,245,125",34,"The story of King George VI, his unexpected ascension to the throne of the British Empire in 1936, and the speech therapist who helped the unsure monarch overcome his stammer.",Color,https://www.imdb.com/title/tt1504320/,1504320,Yes,1,1,0,0,0,0,0
M-131,A Knight's Tale,2001,PG-13,132,"214,000",7.0,10.7,56,125,0,4,"Action, Adventure, Drama, Romance",4,Brian Helgeland,Heath Ledger,M,Mark Addy,M,Rufus Sewell,M,USA,English,"65,000,000","56,569,702","117,487,657",48,"After his master dies, a peasant squire, fueled by his desire for food and glory, creates a new identity for himself as a knight.",Color,https://www.imdb.com/title/tt0183790,0183790,No,1,0,0,0,0,0,1
M-132,La La Land,2016,PG-13,128,"734,000",8.0,21.8,94,731,6,242,"Comedy, Drama, Music, Musical, Romance",5,Damien Chazelle,Ryan Gosling,M,Emma Stone,F,Rosemarie DeWitt,F,"USA, Hong Kong",English,"30,000,000","151,101,803","509,183,536",30,"While navigating their careers in Los Angeles, a pianist and an actress fall in love while attempting to reconcile their aspirations for the future.",Color,https://www.imdb.com/title/tt3783958/,3783958,Yes,2,2,0,0,0,0,0
M-133,Labyrinth,1986,PG,101,"160,000",7.3,18.6,50,160,0,0,"Adventure, Family, Fantasy, Musical",4,Jim Henson,David Bowie,M,Jennifer Connelly,F,Toby Froud,M,"UK, USA",English,"25,000,000","13,723,253","14,837,168",92,Teenage Sarah journeys through a maze to save her baby brother from the Goblin King.,Color,https://www.imdb.com/title/tt0091369,0091369,No,1,0,0,0,0,0,1
M-134,A League of their Own,1992,PG,128,"127,000",7.4,12.9,69,69,0,6,"Comedy, Drama, Sport",3,Penny Marshall,Tom Hanks,M,Geena Davis,F,Lori Petty,F,USA,English,"40,000,000","107,533,928","132,440,069",81,"During World War II, sisters Dottie and Kit join the first female professional baseball league and struggle to help it succeed amid their own growing rivalry.",Color,https://www.imdb.com/title/tt0104694,0104694,Yes,1,0,0,0,0,1,0
M-135,Legally Blonde,2001,PG-13,96,"274,000",6.5,8.8,59,92,0,6,"Comedy, Romance",2,Robert Luketic,Reese Witherspoon,F,Luke Wilson,M,Selma Blair,F,USA,English,"18,000,000","96,520,674","141,778,365",68,"Elle Woods, a fashionable sorority queen, is dumped by her boyfriend. She decides to follow him to law school. While she is there, she figures out that there is more to her than just looks.",Color,https://www.imdb.com/title/tt0250494/,0250494,No,1,0,0,0,0,1,0
M-136,The Legend of 1900 (La leggenda del pianista sull'oceano),1998,R,169,"72,000",8.0,22.1,58,62,0,22,"Drama, Music, Romance",3,Giuseppe Tornatore,Tim Roth,M,Pruitt Taylor Vince,M,Melanie Thierry,F,Italy,English,"9,000,000","167,435","21,061,339",1,"A baby boy discovered on an ocean liner in 1900 grows into a musical prodigy, never setting foot on land.",Color,https://www.imdb.com/title/tt0120731/,0120731,No,1,0,0,1,0,0,0
M-137,Life As We Know It,2010,PG-13,114,"143,000",6.5,8.8,39,135,0,0,"Comedy, Drama, Romance",3,Greg Berlanti,Katherine Heigl,F,Josh Duhamel,M,Josh Lucas,M,USA,English,"38,000,000","53,374,681","105,734,416",50,Two single adults become caregivers to an orphaned girl when their mutual best friends die in an accident.,Color,https://www.imdb.com/title/tt1055292/,1055292,No,1,1,0,0,0,0,0
M-138,Life Is Beautiful,1997,PG-13,116,"790,000",8.6,31.8,58,115,3,72,"Comedy, Drama, Romance, War",4,Roberto Benigni,Roberto Benigni,M,Nicoletta Braschi,F,Giorgio Cantarini,M,Italy,Italian,"20,000,000","57,563,264","230,099,013",25,"When an open-minded Jewish waiter and his son become victims of the Holocaust, he uses a perfect mixture of will, humor and imagination to protect his son from the dangers around their camp.",Color,https://www.imdb.com/title/tt0118799/,0118799,No,1,0,0,1,0,0,0
M-139,Like Stars on Earth (Taare Zameen Par),2007,PG,165,"224,000",8.3,32.9,NA,21,0,28,"Drama, Family",2,"Aamir Khan, Amole Gupte",Darsheel Safary,M,Aamir Khan,M,Tanay Chheda,M,India,Hindi,NA,"1,223,869","21,897,373",6,"An eight-year-old boy is thought to be a lazy trouble-maker, until the new art teacher has the patience and compassion to discover the real problem behind his struggles in school.",Color,https://www.imdb.com/title/tt0986264/,0986264,No,1,0,0,0,1,0,0
M-140,Lilo & Stitch,2002,PG,85,"237,000",7.4,13.1,75,178,0,12,"Animation, Adventure, Comedy, Drama, Family, Sci-Fi",6,Dean DeBlois and Chris Sanders,Daveigh Chase,F,Chris Sanders,M,Tia Carrere,F,"USA, Japan",English,"80,000,000","145,794,338","274,749,220",53,"A young and parentless girl adopts a 'dog' from the local pound, completely unaware that it's supposedly a dangerous scientific experiment that's taken refuge on Earth and is now hiding from its creator and those who see it as a menace.",Color,https://www.imdb.com/title/tt0275847,0275847,No,1,0,0,0,0,0,1
M-141,The Little Mermaid (1989),1989,G,83,"306,000",7.6,16.2,88,124,2,16,"Animation, Adventure, Family, Fantasy, Musical, Romance",6,Ron Clements & John Musker,Jodi Benson,F,Samuel E. Wright,M,Rene Auberjonois,M,"USA, Japan",English,"40,000,000","111,543,479","211,343,479",53,A mermaid princess makes a Faustian bargain in an attempt to become human and win a prince's love.,Color,https://www.imdb.com/title/tt0097757/,0097757,Yes,1,0,0,0,1,0,0
M-142,The Little Mermaid (2023),2023,PG,135,"175,000",7.2,12.4,59,246,0,3,"Adventure, Family, Fantasy, Musical, Romance",5,Rob Marshall,Halle Bailey,F,Jonah Hauer-King,M,Melissa McCarthy,F,USA,English,"355,100,000","298,172,056","569,626,289",52,A young mermaid makes a deal with a sea witch to trade her beautiful voice for human legs so she can discover the world above water and impress a prince.,Color,https://www.imdb.com/title/tt5971474/,5971474,No,1,0,0,0,1,0,0
M-143,Little Miss Sunshine,2006,R,101,"545,000",7.8,14.7,80,251,2,73,"Comedy, Drama",2,Jonathan Dayton & Valerie Faris,Steve Carell,M,Toni Collette,F,Greg Kinnear,M,USA,English,"8,000,000","59,891,098","101,059,571",59,A family determined to get their young daughter into the finals of a beauty pageant take a cross-country trip in their VW bus.,Color,https://www.imdb.com/title/tt0449059/,0449059,No,1,0,0,1,0,0,0
M-144,Little Women,2019,PG,135,"273,000",7.8,14.2,91,380,1,73,"Drama, Romance",2,Greta Gerwig,Saoirse Ronan,F,Emma Watson,F,Florence Pugh,F,USA,English,"40,000,000","108,101,214","332,103,783",33,"Jo March reflects back and forth on her life, telling the beloved story of the March sisters - four young women, each determined to live life on her own terms.",Color,https://www.imdb.com/title/tt3281548/,3281548,No,1,0,1,0,0,0,0
M-145,The Lobster,2015,R,119,"324,000",7.1,6.4,82,415,0,33,"Drama, Romance, Sci-Fi, Thriller",4,Yorgos Lanthimos,Colin Farrell,M,Rachel Weisz,F,Jessica Barden,F,"Ireland, UK, Greece, France, Netherlands, USA",English,"4,286,200","9,077,245","17,581,104",52,"In a dystopian near future, according to the laws of The City, single people are taken to The Hotel, where they are obliged to find a romantic partner in 45 days or they're transformed into beasts and sent off into The Woods.",Color,https://www.imdb.com/title/tt3464902/,3464902,No,1,0,0,1,0,0,0
M-146,Lord of the Rings: The Fellowship of the Ring,2001,PG-13,178,"2,100,000",8.9,38.9,92,256,4,125,"Adventure, Drama, Fantasy",3,Peter Jackson,Elijah Wood,M,Ian McKellen,M,Orlando Bloom,M,"New Zealand, USA",English,"93,000,000","319,372,078","889,469,407",36,A meek Hobbit from the Shire and eight companions set out on a journey to destroy the powerful One Ring and save Middle-earth from the Dark Lord Sauron.,Color,https://www.imdb.com/title/tt0120737/,0120737,Yes,6,1,0,2,0,2,1
M-147,Lord of the Rings: The Two Towers,2002,PG-13,179,"1,900,000",8.8,36.1,87,195,2,132,"Adventure, Drama, Fantasy",3,Peter Jackson,Elijah Wood,M,Ian McKellen,M,Viggo Mortensen,M,"New Zealand, USA",English,"94,000,000","345,518,923","938,828,326",37,"While Frodo and Sam edge closer to Mordor with the help of the shifty Gollum, the divided fellowship makes a stand against Sauron's new ally, Saruman, and his hordes of Isengard.",Color,https://www.imdb.com/title/tt0167261/,0167261,Yes,4,0,1,0,1,1,1
M-148,Lord of the Rings: The Return of the King,2003,PG-13,201,"2,100,000",9.0,44.3,94,314,11,215,"Adventure, Drama, Fantasy",3,Peter Jackson,Elijah Wood,M,Viggo Mortensen,M,Ian McKellen,M,"New Zealand, USA",English,"94,000,000","381,878,219","1,139,427,855",34,Gandalf and Aragorn lead the World of Men against Sauron's army to draw his gaze from Frodo and Sam as they approach Mount Doom with the One Ring.,Color,https://www.imdb.com/title/tt0167260/,0167260,Yes,2,0,0,2,0,0,0
M-149,Loving Adults,2022,TV-MA,104,"15,000",6.5,4.2,NA,22,0,0,"Crime, Drama, Thriller",3,Barbara Topsoe-Rothenborg,Dar Salim,M,Sonja Richter,F,Sus Wilkins,F,Denmark,Danish,NA,NA,NA,NA,The thin line between love and hate turns deadly when a wife discovers her husband's affair - and they both take extreme measures to get what they want.,Color,https://www.imdb.com/title/tt14592948/,1459294,No,1,0,0,1,0,0,0
M-150,The Machinist,2004,R,101,"434,000",7.6,9.0,61,223,0,7,"Drama, Thriller",2,Brad Anderson,Christian Bale,M,Jennifer Jason Leigh,F,Aitana Sánchez-Gijón,F,"Spain, France, UK, USA",English,"5,000,000","1,082,715","8,203,235",13,An industrial worker who hasn't slept in a year begins to doubt his own sanity.,Color,https://www.imdb.com/title/tt0361862/,0361862,No,1,0,1,0,0,0,0
M-151,Mad Max: Fury Road,2015,R,120,"1,200,000",8.1,19.6,90,833,6,245,"Action, Adventure, Sci-Fi",3,George Miller,Tom Hardy,M,Charlize Theron,F,Nicholas Hoult,M,"Australia, USA",English,"150,000,000","154,280,290","380,456,026",41,"In a post-apocalyptic wasteland, a woman rebels against a tyrannical ruler in search for her homeland with the aid of a group of female prisoners, a psychotic worshipper and a drifter named Max.",Color,https://www.imdb.com/title/tt1392190,1392190,No,1,0,0,0,0,0,1
M-152,Madea Goes To Jail,2009,PG-13,103,"14,000",4.6,15.6,50,41,0,1,"Comedy, Crime, Drama",3,Tyler Perry,Tyler Perry,M,Keshia Knight Pulliam,F,Derek Luke,M,USA,English,NA,"90,508,336","90,508,336",100,"Mischievous grandma Madea lands in jail, where she meets a variety of mixed-up characters.",Color,https://www.imdb.com/title/tt1142800/,1142800,No,1,0,1,0,0,0,0
M-153,Mamma Mia: Here We Go Again,2018,PG-13,114,"117,000",6.6,11.7,60,261,0,1,"Comedy, Musical, Romance",3,Ol Parker,Lily James,F,Amanda Seyfried,F,Meryl Streep,F,"UK, USA, Japan, China, Croatia",English,"75,000,000","120,634,935","395,607,854",30,"Five years after the events of Mamma Mia! (2008), Sophie prepares for the grand reopening of the Hotel Bella Donna as she learns more about her mother's past.",Color,https://www.imdb.com/title/tt6911608/,6911608,No,2,0,1,0,1,0,0
M-154,Mamma Mia!,2008,PG-13,108,"297,000",6.5,12.3,51,178,0,16,"Comedy, Musical, Romance",3,Phyllida Lloyd,Meryl Streep,F,Pierce Brosnan,M,Amanda Seyfried,F,"USA, UK, Germany",English,"52,000,000","144,330,569","706,681,729",20,The story of a bride-to-be trying to find her real father told using hit songs by the popular 1970s group ABBA.,Color,https://www.imdb.com/title/tt0795421/,0795421,Yes,2,0,0,0,2,0,0
M-155,A Man Called Otto,2022,PG-13,126,"199,000",7.5,12.9,51,183,0,1,"Comedy, Drama",2,Marc Forster,Tom Hanks,M,Mariana Trevino,F,Rachel Keller,F,"Sweden, USA",English,"50,000,000","64,267,657","113,360,085",57,"Otto is a grump who's given up on life following the loss of his wife and wants to end it all. When a young family moves in nearby, he meets his match in quick-witted Marisol, leading to a friendship that will turn his world around.",Color,https://www.imdb.com/title/tt7405458/,7405458,No,1,0,0,0,1,0,0
M-156,Manchester by the Sea,2016,R,137,"343,000",7.8,11.9,96,492,2,128,Drama,1,Kenneth Lonergan,Casey Affleck,M,Michelle Williams,F,Kyle Chandler,M,USA,English,"9,000,000","47,695,371","78,988,148",60,A depressed uncle is asked to take care of his teenage nephew after the boy's father dies.,Color,https://www.imdb.com/title/tt4034228/,4034228,No,1,0,0,1,0,0,0
M-157,Marley & Me,2008,PG,115,"173,000",7.0,11.4,53,179,0,2,"Drama, Family",2,David Frankel,Owen Wilson,M,Jennifer Aniston,F,Eric Dane,M,USA,English,"60,000,000","143,153,751","255,743,968",56,"A family learns important life lessons from their adorable, but naughty and neurotic dog.",Color,https://www.imdb.com/title/tt0822832/,0822832,No,1,0,0,1,0,0,0
M-158,Matilda,1996,PG,102,"189,000",7.0,12.2,72,61,0,3,"Comedy, Family, Fantasy",3,Danny DeVito,Danny DeVito,M,Rhea Perlman,F,Mara Wilson,F,USA,English,"36,000,000","33,459,416","33,463,422",100,"A girl gifted with a keen intellect and psychic powers uses both to deal with her crude, distant family and free her kind teacher from their sadistic headmistress.",Color,https://www.imdb.com/title/tt0117008/,0117008,No,1,1,0,0,0,0,0
M-159,The Matrix,1999,R,136,"2,200,000",8.7,30.3,73,236,4,42,"Action, Sci-Fi",2,Lana Wachowski & Lilly Wachowski,Keanu Reeves,M,Laurence Fishburne,M,Carrie-Anne Moss,F,"USA, Australia",English,"63,000,000","172,076,928","467,845,851",37,"When a beautiful stranger leads computer hacker Neo to a forbidding underworld, he discovers the shocking truth--the life he knows is the elaborate deception of an evil cyber-intelligence.",Color,https://www.imdb.com/title/tt0133093/,0133093,Yes,1,1,0,0,0,0,0
M-160,Me Before You,2016,PG-13,106,"319,000",7.4,14.7,51,233,0,6,"Drama, Romance",2,Thea Sharrock,Emilia Clarke,F,Sam Claflin,M,Janet McTeer,F,"UK, USA",English,"20,000,000","56,245,075","208,445,075",27,A girl in a small town forms an unlikely bond with a recently-paralyzed man she's taking care of.,Color,https://www.imdb.com/title/tt2674426/,2674426,No,1,0,1,0,0,0,0
M-161,Mean Girls,2004,PG-13,97,"471,000",7.1,14.0,66,111,0,7,Comedy,1,Mark Waters,Lindsay Lohan,F,Jonathan Bennett,M,Rachel McAdams,F,"USA, Canada",English,"17,000,000","86,058,055","130,193,919",66,"Cady Heron is a hit with The Plastics, the A-list girl clique at her new school, until she makes the mistake of falling for Aaron Samuels, the ex-boyfriend of alpha Plastic Regina George.",Color,https://www.imdb.com/title/tt0377092/,0377092,No,2,0,0,0,1,1,0
M-162,Memento,2000,R,113,"1,400,000",8.4,21.4,83,239,0,57,"Drama, Mystery, Thriller",3,Christopher Nolan,Guy Pearce,M,Carrie-Anne Moss,F,Joe Pantoliano,M,USA,English,"9,000,000","25,544,867","40,060,108",64,A man with short-term memory loss attempts to track down his wife's murderer.,Color,https://www.imdb.com/title/tt0209144/,0209144,Yes,1,1,0,0,0,0,0
M-163,Memoirs of a Geisha,2005,PG-13,145,"169,000",7.3,13.0,54,91,3,32,"Drama, Romance",2,Rob Marshall,Zhang Ziyi,F,Ken Watanabe,M,Michelle Yeoh,F,"USA, Japan, France",English,"85,000,000","57,490,508","162,242,962",35,Nitta Sayuri reveals how she transcended her fishing-village roots and became one of Japan's most celebrated geisha.,Color,https://www.imdb.com/title/tt0397535/,0397535,No,1,0,0,1,0,0,0
M-164,Minions: The Rise of Gru,2022,PG,87,"101,000",6.5,11.8,56,160,0,1,"Animation, Adventure, Comedy, Crime, Family, Sci-Fi",6,"Kyle Balda, Brad Ableson and Jonathan del Val",Steve Carell,M,Pierre Coffin,M,Alan Arkin,M,"USA, France",English,"80,000,000","370,549,695","940,482,695",39,The untold story of one twelve-year-old's dream to become the world's greatest supervillain.,Color,https://www.imdb.com/title/tt5113044/,5113044,No,1,0,0,0,0,1,0
M-165,Mission Impossible II,2000,PG-13,123,"405,000",6.1,3.9,59,248,0,12,"Action, Adventure, Thriller",3,John Woo,Tom Cruise,M,Dougray Scott,M,Thandiwe Newton,F,"USA, Germany",English,"125,000,000","215,409,889","546,388,108",39,"IMF agent Ethan Hunt is sent to Sydney to find and destroy a genetically modified disease called ""Chimera"".",Color,https://www.imdb.com/title/tt0120755/,0120755,Yes,1,1,0,0,0,0,0
M-166,Mission Impossible: Ghost Protocol,2011,PG-13,132,"556,000",7.4,8.8,73,316,0,5,"Action, Adventure, Thriller",3,Brad Bird,Tom Cruise,M,Jeremy Renner,M,Simon Pegg,M,USA,English,"145,000,000","209,397,903","694,713,380",30,"The IMF is shut down when it's implicated in the bombing of the Kremlin, causing Ethan Hunt and his new team to go rogue to clear their organization's name.",Color,https://www.imdb.com/title/tt1229238/,1229238,Yes,1,0,0,0,1,0,0
M-167,Moneyball,2011,PG-13,133,"495,000",7.6,7.2,87,250,0,29,"Biography, Drama, Sport",3,Bennett Miller,Brad Pitt,M,Robin Wright,F,Jonah Hill,M,USA,English,"50,000,000","75,605,492","113,668,126",67,Oakland A's general manager Billy Beane's successful attempt to assemble a baseball team on a lean budget by employing computer-generated analysis to acquire new players.,Color,https://www.imdb.com/title/tt1210166/,1210166,Yes,1,0,0,1,0,0,0
M-168,Monte Carlo,2011,PG,109,"51,000",5.8,12.9,43,92,0,0,"Adventure, Comedy, Family, Romance",4,Thomas Bezucha,Selena Gomez,F,Leighton Meester,F,Katie Cassidy,F,USA,English,"20,000,000","23,186,769","39,782,697",58,Three young women vacationing in Paris find themselves whisked away to Monte Carlo after one of the girls is mistaken for a British heiress.,Color,https://www.imdb.com/title/tt1067774/,1067774,No,1,1,0,0,0,0,0
M-169,Moonlight,2016,R,111,"346,000",7.4,11.4,99,526,3,235,Drama,1,Barry Jenkins,Mahershala Ali,M,Naomie Harris,F,Trevante Rhodes,M,USA,English,"4,000,000","27,854,932","66,795,749",42,"A young African-American man grapples with his identity and sexuality while experiencing the everyday struggles of childhood, adolescence, and burgeoning adulthood.",Color,https://www.imdb.com/title/tt4975722/,4975722,No,1,0,1,0,0,0,0
M-170,Mulan,1998,G,87,"337,000",7.7,15.4,72,140,0,17,"Animation, Adventure, Comedy, Family, Fantasy, Musical, War",7,Tony Bancroft & Barry Cook,Ming-Na Wen,F,Eddie Murphy,M,BD Wong,M,USA,English,"90,000,000","120,620,254","304,320,254",40,"To save her father from death in the army, a young maiden secretly goes in his place and becomes one of China's greatest heroines in the process.",Color,https://www.imdb.com/title/tt0120762,0120762,No,1,0,0,0,0,0,1
M-171,Murder Mystery,2019,PG-13,97,"184,000",6.1,4.4,38,95,0,1,"Crime, Mystery, Romance",3,Kyle Newacheck,Adam Sandler,M,Jennifer Aniston,F,Luke Evans,M,"USA, Italy, Canada",English,NA,NA,NA,NA,"A New York cop and his wife go on a European vacation to reinvigorate the spark in their marriage, but end up getting framed and on the run for the death of an elderly billionaire.",Color,https://www.imdb.com/title/tt1618434/,1618434,No,1,0,0,0,1,0,0
M-172,My Big Fat Greek Wedding,2002,PG,95,"150,000",6.6,9.3,62,139,0,20,"Comedy, Drama, Romance",3,Joel Zwick,Nia Vardalos,F,John Corbett,M,Michael Constantine,M,"Canada, USA",English,"5,000,000","241,438,208","368,744,044",65,A young Greek woman falls in love with a non-Greek and struggles to get her family to accept him while she comes to terms with her heritage and cultural identity.,Color,https://www.imdb.com/title/tt0259446/,0259446,No,1,1,0,0,0,0,0
M-173,My Fair Lady,1964,G,170,"106,000",7.7,18.5,95,94,8,26,"Drama, Family, Musical, Romance",4,George Cukor,Audrey Hepburn,F,Rex Harrison,M,Stanley Holloway,M,USA,English,"17,000,000","72,560,711","72,685,970",100,"In 1910s London, snobbish phonetics professor Henry Higgins agrees to a wager that he can make crude flower girl, Eliza Doolittle, presentable in high society.",Color,https://www.imdb.com/title/tt0058385/,0058385,Yes,1,0,0,1,0,0,0
M-174,Mystery Men,1999,PG-13,121,"73,000",6.1,6.6,66,95,0,0,"Action, Comedy, Fantasy, Sci-Fi",4,Kinka Usher,Ben Stiller,M,Janeane Garofalo,F,William H. Macy,M,USA,English,"68,000,000","29,762,011","33,461,746",89,A group of inept amateur superheroes must try to save the day when a supervillain threatens to destroy a major superhero and the city.,Color,https://www.imdb.com/title/tt0132347/,0132347,Yes,1,0,1,0,0,0,0
M-175,National Lampoon's Christmas Vacation,1989,PG-13,97,"237,000",7.5,21.1,49,132,0,0,Comedy,1,Jeremiah S. Chechik,Chevy Chase,M,Beverly D'Angelo,F,Juliette Lewis,F,USA,English,"28,000,000","74,515,899","74,542,088",100,The Griswold family's plans for a big family Christmas predictably turn into a big disaster.,Color,https://www.imdb.com/title/tt0097958/,0097958,Yes,1,0,0,0,1,0,0
M-176,National Treasure,2004,PG,131,"371,000",6.9,7.4,40,171,0,1,"Action, Adventure, Mystery, Thriller",4,Jon Turtletaub,Nicolas Cage,M,Diane Kruger,F,Justin Bartha,M,USA,English,"100,000,000","173,008,894","347,512,530",50,A historian races to find the legendary Templar Treasure before a team of mercenaries.,Color,https://www.imdb.com/title/tt0368891/,0368891,Yes,1,0,0,0,0,1,0
M-177,Night at the Museum: Battle of the Smithsonian,2009,PG,105,"224,000",6.0,4.6,42,161,0,2,"Adventure, Comedy, Family, Fantasy",4,Shawn Levy,Ben Stiller,M,Owen Wilson,M,Amy Adams,F,"USA, Canada",English,"150,000,000","177,243,721","413,106,170",43,"Security guard Larry Daley infiltrates the Smithsonian Institution in order to rescue Jedediah and Octavius, who have been shipped to the museum by mistake.",Color & BW,https://www.imdb.com/title/tt1078912/,1078912,Yes,1,0,0,0,1,0,0
M-178,No Country for Old Men,2007,R,122,"1,100,000",8.2,18.2,92,467,4,165,"Crime, Drama, Thriller",3,"Ethan Coen, Joel Coen",Tommy Lee Jones,M,Javier Bardem,M,Josh Brolin,M,USA,English,"25,000,000","74,283,625","171,635,011",43,Violence and mayhem ensue after a hunter stumbles upon a drug deal gone wrong and more than two million dollars in cash near the Rio Grande.,Color,https://www.imdb.com/title/tt0477348/,0477348,No,1,0,0,1,0,0,0
M-179,Notting Hill,1999,PG-13,124,"372,000",7.2,10.1,68,137,0,11,"Comedy, Drama, Romance",3,Roger Mitchell,Hugh Grant,M,Julia Roberts,F,Richard McCabe,M,"UK, USA",English,"42,000,000","116,089,678","364,015,475",32,The life of a simple bookshop owner changes when he meets the most famous film star in the world.,Color,https://www.imdb.com/title/tt0125439/,0125439,Yes,1,1,0,0,0,0,0
M-180,Now You See Me,2013,PG-13,115,"749,000",7.2,10.4,50,409,0,1,"Crime, Mystery, Thriller",3,Louis Leterrier,Jesse Eisenberg,M,Common,M,Mark Ruffalo,M,"USA, France",English,"75,000,000","117,723,989","351,723,989",33,"An FBI agent and an Interpol detective track a team of illusionists who pull off bank heists during their performances, and reward their audiences with the money.",Color,https://www.imdb.com/title/tt1670345,1670345,Yes,1,0,0,0,0,0,1
M-181,Om Shanti Om (Peace Be With You),2007,NA,162,"54,000",6.8,24.5,NA,36,0,38,"Action, Comedy, Drama, Fantasy, Musical, Romance, Thriller",7,Farah Khan,Shah Rukh Khan,M,Deepika Padukone,F,Arjun Rampal,M,India,Hindi,NA,"3,597,372","39,997,274",9,"In the 1970s, Om, an aspiring actor, is murdered, but is immediately reincarnated into the present day. He attempts to discover the mystery of his demise and find Shanti, the love of his previous life.",Color,https://www.imdb.com/title/tt1024943,1024943,No,1,0,0,0,0,1,0
M-182,Oppenheimer,2023,R,180,"937,000",8.3,25.9,90,506,7,364,"Biography, Drama, History",3,Christopher Nolan,Cillian Murphy,M,Emily Blunt,F,Matt Damon,M,"USA, UK",English,"100,000,000","330,078,895","975,811,333",34,"A dramatization of the life story of J. Robert Oppenheimer, the physicist who had a large hand in the development of the atomic bombs that brought an end to World War II.",Color,https://www.imdb.com/title/tt15398776,1024943,Yes,1,0,0,0,0,0,1
M-183,Parasite (Gisaengchung),2019,R,132,"1,100,000",8.5,24.5,97,610,4,309,"Drama, Thriller",2,Bong Joon Ho,Song Kang-ho,M,Lee Sun-kyun,M,Cho Yeo-jeong,F,South Korea,Korean,"11,400,000","53,847,897","262,546,278",21,Greed and class discrimination threaten the newly formed symbiotic relationship between the wealthy Park family and the destitute Kim clan.,Color,https://www.imdb.com/title/tt6751668,6751668,No,1,0,0,0,0,0,1
M-184,The Parent Trap,1998,PG,128,"168,000",6.7,12.7,63,67,0,2,"Adventure, Comedy, Drama, Family, Romance",5,Nancy Meyers,Lindsay Lohan,F,Dennis Quaid,M,Natasha Richardson,F,"USA, UK",English,NA,"66,308,518","92,146,310",72,"Identical twins Annie and Hallie, separated at birth and each raised by one of their biological parents, discover each other for the first time at summer camp and make a plan to bring their wayward parents back together.",Color,https://www.imdb.com/title/tt0120783/,0120783,No,1,1,0,0,0,0,0
M-185,The Passion of the Christ,2004,R,127,"266,000",7.3,25.7,47,302,0,30,Drama,1,Mel Gibson,Jim Caviezel,M,Monica Bellucci,F,Maia Morgenstern,F,USA,English,"30,000,000","370,782,930","610,063,438",61,"Depicts the final twelve hours in the life of Jesus of Nazareth, on the day of his crucifixion in Jerusalem.",Color,https://www.imdb.com/title/tt0335345/,0335345,No,2,0,0,0,0,2,0
M-186,Pather Panchali,1955,NA,125,"41,000",8.2,36.6,NA,129,0,11,"Drama, History",2,Satyajit Ray,Kanu Bannerjee,M,Karuna Bannerjee,F,Subir Banerjee,M,India,Bengali,NA,"134,241","135,342",99,"Impoverished priest Harihar Ray, dreaming of a better life for himself and his family, leaves his rural Bengal village in search of work.",BW,https://www.imdb.com/title/tt0048473/,0048473,No,1,1,0,0,0,0,0
M-187,The Peanut Butter Falcon,2019,PG-13,97,"116,000",7.6,10.6,70,236,0,21,"Adventure, Comedy, Drama",3,"Tyler Nilson, Michael Schwartz",Zack Gottsagen,M,Ann Pierce,F,Dakota Johnson,F,USA,English,"6,200,000","20,457,158","23,712,097",86,Zak runs away from his care home to make his dream of becoming a wrestler come true.,Color,https://www.imdb.com/title/tt4364194/,4364194,No,1,0,0,1,0,0,0
M-188,The Perks of Being A Wallflower,2012,PG-13,103,"578,000",7.9,18.7,67,394,0,20,Drama,1,Stephen Chbosky,Logan Lerman,M,Emma Watson,F,Ezra Miller,M,USA,English,"13,000,000","17,742,948","33,384,127",53,"Charlie, a 15-year-old introvert, enters high school and is nervous about his new life. When he befriends his seniors, he learns to cope with his friend's suicide and his tumultuous past.",Color,https://www.imdb.com/title/tt1659337/,1659337,No,2,0,0,1,0,0,1
M-189,The Pianist,2002,R,150,"984,000",8.5,23.7,85,153,3,57,"Biography, Drama, Music, War",4,Roman Polanski,Adrien Brody,M,Thomas Kretschmann,M,Frank Finlay,M,"France, Poland, Germany, UK, US",English,"35,000,000","32,590,750","120,098,945",27,A Polish Jewish musician struggles to survive the destruction of the Warsaw ghetto of World War II.,Color,https://www.imdb.com/title/tt0253474/,0253474,No,1,0,0,1,0,0,0
M-190,Pirates of the Caribbean: Dead Man's Chest,2006,PG-13,151,"808,000",7.4,12.9,53,327,1,45,"Action, Adventure, Fantasy",3,Gore Verbinski,Johnny Depp,M,Orlando Bloom,M,Keira Knightley,F,USA,English,"225,000,000","423,315,812","1,066,179,747",40,"Jack Sparrow races to recover the heart of Davy Jones to avoid enslaving his soul to Jones' service, as other friends and foes seek the heart for their own agenda as well.",Color,https://www.imdb.com/title/tt0383574/,0383574,Yes,1,0,0,0,1,0,0
M-191,Pirates of the Caribbean: The Curse of the Black Pearl,2003,PG-13,143,"1,300,000",8.1,18.7,63,170,0,38,"Action, Adventure, Fantasy",3,Gore Verbinski,Johnny Depp,M,Geoffrey Rush,M,Orlando Bloom,M,USA,English,"140,000,000","305,413,918","654,264,546",47,"Blacksmith Will Turner teams up with eccentric pirate ""Captain"" Jack Sparrow to save his love, the governor's daughter, from Jack's former pirate allies, who are now undead.",Color,https://www.imdb.com/title/tt0325980/,0325980,Yes,1,0,0,0,1,0,0
M-192,The Platform (El Hoyo),2019,NA,94,"313,000",7.0,5.8,73,203,0,12,"Horror, Mystery, Sci-Fi, Thriller",4,Galder Gaztelu-Urrutia,Ivan Massague,M,Zorion Eguileor,M,Antonia San Juan,F,Spain,Spanish,NA,NA,"1,090,116",NA,A vertical prison with one cell per level. Two people per cell. Only one food platform and two minutes per day to feed. An endless nightmare trapped in The Hole.,Color,https://www.imdb.com/title/tt8228288/,8228288,No,1,0,1,0,0,0,0
M-193,Porco Rosso (Kurenai no buta),1992,PG,94,"112,000",7.7,12.0,83,93,0,4,"Animation, Adventure, Comedy, Fantasy",4,Hayao Miyazaki,Shuichiro Moriyama,M,Tokiko Kato,F,Bunshi Katsura Vi,M,Japan,Japanese,NA,"443,059","1,665,601",27,"In 1930s Italy, a veteran World War I pilot is cursed to look like an anthropomorphic pig.",Color,https://www.imdb.com/title/tt0104652/,0104652,No,2,0,1,0,0,1,0
M-194,Portrait of a Lady on Fire (Portrait de la jeune fille en feu),2019,R,122,"122,000",8.0,20.9,95,313,0,59,"Drama, Romance",2,Celine Sciamma,Noemie Merlant,F,Adele Haenel,F,Luana Bajrami,F,France,French,5716089,"3,759,854","10,346,577",36,"On an isolated island in Brittany at the end of the eighteenth century, a female painter is obliged to paint a wedding portrait of a young woman.",Color,https://www.imdb.com/title/tt8613070/,8613070,No,1,0,0,0,1,0,0
M-195,The Prestige,2006,PG-13,130,"1,500,000",8.5,24.0,66,377,0,6,"Drama, Mystery, Sci-Fi, Thriller",4,Christopher Nolan,Christian Bale,M,Hugh Jackman,M,Scarlett Johansson,F,"UK, USA",English,"40,000,000","53,089,891","109,676,311",48,Rival 19th-century magicians engage in a bitter battle for trade secrets.,Color,https://www.imdb.com/title/tt0482571,0482571,Yes,1,0,0,0,0,0,1
M-196,Pride & Prejudice,2005,PG,129,"362,000",7.8,22.6,82,125,0,13,"Drama, Romance",2,Joe Wright,Keira Knightley,F,Matthew Macfadyen,M,Brenda Blethyn,F,"France, UK, USA",English,"28,000,000","44,785,261","128,567,430",35,"Sparks fly when spirited Elizabeth Bennet meets single, rich, and proud Mr. Darcy. But Mr. Darcy reluctantly finds himself falling in love with a woman beneath his class. Can each overcome their own pride and prejudice?",Color,https://www.imdb.com/title/tt0414387/,0414387,No,5,1,0,0,0,3,1
M-197,The Princess Bride,1987,PG,98,"474,000",8.0,25.9,78,239,0,7,"Adventure, Comedy, Family, Fantasy, Romance",5,Rob Reiner,Cary Elwes,M,Mandy Patinkin,M,Robin Wright,F,USA,English,"16,000,000","30,857,814","30,994,960",100,"A bedridden boy's grandfather reads him the story of a farmboy-turned-pirate who encounters numerous obstacles, enemies and allies in his quest to be reunited with his true love.",Color,https://www.imdb.com/title/tt0093779/,0093779,Yes,1,0,1,0,0,0,0
M-198,Princess Mononoke (Mononoke-hime),1997,PG-13,133,"468,000",8.3,25.5,78,158,0,14,"Animation, Adventure, Fantasy",3,Hayao Miyazaki,Yoji Matsuda,M,Yuriko Ishida,F,Yuko Tanaka,F,Japan,Japanese,"16,422,000","11,696,687","21,601,422",54,"On a journey to find the cure for a Tatarigami's curse, Ashitaka finds himself in the middle of a war between the forest gods and Tatara, a mining colony. In this quest he also meets San, the Mononoke Hime.",Color,https://www.imdb.com/title/tt0119698/,0119698,No,2,0,0,0,0,1,1
M-199,Pulp Fiction,1994,R,154,"2,400,000",8.8,35.7,95,292,1,69,"Crime, Drama",2,Quentin Tarantino,John Travolta,M,Uma Thurman,F,Samuel L. Jackson,M,USA,English,"8,000,000","107,928,762","213,928,762",50,"The lives of two mob hitmen, a boxer, a gangster and his wife, and a pair of diner bandits intertwine in four tales of violence and redemption.",Color,https://www.imdb.com/title/tt0110912/,0110912,Yes,1,0,1,0,0,0,0
M-200,The Pursuit of Happyness,2006,PG-13,117,"602,000",8.0,18.4,64,146,0,12,"Biography, Drama",2,Gabriele Muccino,Will Smith,M,Thandiwe Newton,F,Jaden Smith,M,USA,English,"55,000,000","163,566,459","307,127,625",53,A struggling salesman takes custody of his son as he's poised to begin a life-changing professional career.,Color,https://www.imdb.com/title/tt0454921/,0454921,No,2,0,0,1,0,1,0
M-201,Raiders of the Lost Ark,1981,PG,115,"1,100,000",8.4,23.5,86,199,4,41,"Action, Adventure",2,Steven Spielberg,Harrison Ford,M,Karen Allen,F,Paul Freeman,M,USA,English,"18,000,000","248,159,971","389,925,971",64,"In 1936, archaeologist and adventurer Indiana Jones is hired by the U.S. government to find the Ark of the Covenant before the Nazis can obtain its awesome powers.",Color,https://www.imdb.com/title/tt0082971/,0082971,Yes,1,0,0,0,1,0,0
M-202,Ratatouille,2007,G,111,"907,000",8.1,18.3,96,262,1,68,"Animation, Adventure, Comedy, Family, Fantasy",5,Brad Bird & Jan Pinkava,Brad Garrett,M,Lou Romano,M,Patton Oswalt,M,USA,English,"150,000,000","206,445,654","623,726,085",33,A rat who can cook makes an unusual alliance with a young kitchen worker at a famous Paris restaurant.,Color,https://www.imdb.com/title/tt0382932/,0382932,No,1,0,0,0,1,0,0
M-203,Real Genius,1985,PG,108,"41,000",6.9,14.4,71,53,0,2,"Comedy, Romance, Sci-Fi",3,Martha Coolidge,Val Kilmer,M,Gabriel Jarret,M,Michelle Meyrink,F,USA,English,"8,000,000","12,952,019","12,952,019",100,"An uptight teenage prodigy enters a top engineering college, but feels awkward among the freewheeling students. When a professor aims to turn their laser project into a military weapon, he and his offbeat roommate plot to ruin the plan.",Color,https://www.imdb.com/title/tt0089886/,0089886,No,1,0,0,0,1,0,0
M-204,Real Steel,2011,PG-13,147,"374,000",7.1,10.3,56,333,0,2,"Action, Drama, Sci-Fi, Sport",4,Shawn Levy,Hugh Jackman,M,Evangeline Lilly,F,Dakota Goyo,M,"USA, India",English,"110,000,000","85,468,508","299,268,508",29,"In the near future, robot boxing is a top sport. A struggling ex-boxer feels he's found a champion in a discarded robot.",Color,https://www.imdb.com/title/tt0433035/,0433035,No,1,0,0,0,1,0,0
M-205,Remember the Titans,2000,PG,113,"248,000",7.8,15.9,48,116,0,8,"Biography, Comedy, Drama, Sport",4,Boaz Yakin,Denzel Washington,M,Will Patton,M,Wood Harris,M,USA,English,"30,000,000","115,719,751","136,771,683",85,The true story of a newly appointed African-American coach and his high school team on their first season as a racially integrated unit.,Color,https://www.imdb.com/title/tt0210945/,0210945,No,2,0,1,0,0,1,0
M-206,Reservoir Dogs,1992,R,99,"1,100,000",8.3,17.2,81,148,0,13,"Crime, Thriller",2,Quentin Tarantino,Harvey Keitel,M,Tim Roth,M,Michael Madsen,M,USA,English,"1,200,000","2,832,029","2,940,735",96,"When a simple jewelry heist goes horribly wrong, the surviving criminals begin to suspect that one of them is a police informant.",Color,https://www.imdb.com/title/tt0105236/,0105236,Yes,1,0,1,0,0,0,0
M-207,Resident Evil,2002,R,100,"303,000",6.6,8.9,35,132,0,0,"Action, Horror, Sci-Fi",3,Paul W. S. Anderson,Milla Jovovich,F,Michelle Rodriguez,F,Ryan McCluskey,M,"UK, Germany",English,"33,000,000","40,119,709","102,984,862",39,"A special military unit fights a powerful, out-of-control supercomputer and hundreds of scientists who have mutated into flesh-eating creatures after a laboratory accident.",Color,https://www.imdb.com/title/tt0120804/,0120804,No,1,1,0,0,0,0,0
M-208,Rise of the Guardians,2012,PG,97,"204,000",7.2,14.2,58,272,0,14,"Animation, Action, Adventure, Comedy, Drama, Family, Fantasy, Sci-Fi",8,Peter Ramsey,Hugh Jackman,M,Alec Baldwin,M,Isla Fisher,F,"USA, India",English,"145,000,000","103,412,758","306,941,670",34,"When the evil spirit Pitch launches an assault on Earth, the Immortal Guardians team up to protect the innocence of children all around the world.",Color,https://www.imdb.com/title/tt1446192/,1446192,No,1,0,1,0,0,0,0
M-209,The Rite,2011,PG-13,114,"105,000",6.0,5.4,38,276,0,1,"Drama, Horror, Mystery, Thriller",4,Mikael Hafstrom,Colin O'Donoghue,M,Anthony Hopkins,M,Ciaran Hinds,M,"USA, Hungary, Italy",English,"37,000,000","33,047,633","96,560,591",34,American seminary student Michael Kovak travels to Italy to take an exorcism course.,Color,https://www.imdb.com/title/tt1161864/,1161864,No,1,0,0,1,0,0,0
M-210,Roman Holiday,1953,Approved,118,"155,000",8.0,18.4,78,162,3,11,"Comedy, Drama, Romance",3,William Wyler,Gregory Peck,M,Audrey Hepburn,F,Eddie Albert,M,USA,English,"1,500,000",NA,"159,335",NA,A bored and sheltered princess escapes her guardians and falls in love with an American newsman in Rome.,BW,https://www.imdb.com/title/tt0046250,0046250,No,1,0,0,0,0,0,1
M-211,The Room,2003,R,99,"99,000",3.6,22.3,9,123,0,1,Drama,1,Tommy Wiseau,Tommy Wiseau,M,Juliette Danielle,F,Greg Sestero,M,USA,English,"6,000,000","549,602","5,267,139",10,"In San Francisco, an amiable banker's seemingly perfect life is turned upside down when his deceitful fiancée embarks on an affair with his best friend.",Color,https://www.imdb.com/title/tt0368226,0368226,Yes,1,0,0,1,0,0,0
M-212,The Royal Tenenbaums,2001,R,110,"327,000",7.6,15.3,76,114,0,11,"Comedy, Drama",2,Wes Anderson,Gene Hackman,M,Gwyneth Paltrow,F,Anjelica Huston,F,USA,English,"21,000,000","52,364,010","71,441,655",73,The eccentric members of a dysfunctional family reluctantly gather under the same roof for various reasons.,Color,https://www.imdb.com/title/tt0265666/,0265666,No,1,0,1,0,0,0,0
M-213,Scent of a Woman,1992,R,156,"358,000",8.0,19.6,57,52,1,6,Drama,1,Martin Brest,Al Pacino,M,Chris O'Donnell,M,James Rebhorn,M,USA,English,"31,000,000","63,095,253","134,095,253",47,"A prep school student needing money agrees to ""babysit"" a blind man, but the job is not at all what he anticipated.",Color,https://www.imdb.com/title/tt0105323/,0105323,No,2,1,0,1,0,0,0
M-214,Scooby-Doo on Zombie Island,1998,TV-G,77,"21,000",7.7,23.0,NA,21,0,0,"Animation, Adventure, Comedy, Family, Fantasy, Mystery",6,Jim Stenstrum,Scott Innes,M,Billy West,M,Mary Kay Bergman,F,"USA, Japan, China, South Korea",English,NA,NA,NA,NA,"The Mystery Gang reunite and visit Moonscar Island, a remote island with a dark secret. Daphne wants more than just a villain in a costume, and they get more than they ever expected.",Color,https://www.imdb.com/title/tt0166792,0166792,No,1,0,0,0,0,1,0
M-215,Scott Pilgrim vs. The World,2010,PG-13,112,"487,000",7.5,15.1,69,420,0,18,"Action, Comedy, Fantasy, Romance",4,Edgar Wright,Michael Cera,M,Mary Elizabeth Winstead,F,Kieran Culkin,M,"USA, UK, Canada, Japan",English,"60,000,000","33,525,605","51,824,861",65,"In a magically realistic version of Toronto, a young man must defeat his new girlfriend's seven evil exes one by one in order to win her heart.",Color,https://www.imdb.com/title/tt0446029/,0446029,No,1,1,0,0,0,0,0
M-216,The Secret Life of Walter Mitty,2013,PG,114,"361,000",7.3,11.9,54,381,0,5,"Adventure, Comedy, Drama, Fantasy, Romance",5,Ben Stiller,Ben Stiller,M,Kristen Wiig,F,Jon Daly,M,"USA, UK",English,"90,000,000","58,236,838","188,133,322",31,"When both he and a colleague are about to lose their job, Walter takes action by embarking on an adventure more extraordinary than anything he ever imagined.",Color,https://www.imdb.com/title/tt0359950/,0359950,No,2,1,1,0,0,0,0
M-217,Seven Psychopaths,2012,R,110,"284,000",7.1,6.8,66,410,0,3,"Comedy, Crime",2,Martin McDonagh,Colin Farrell,M,Woody Harrelson,M,Sam Rockwell,M,"UK, USA",English,"15,000,000","15,024,049","29,347,202",51,A struggling screenwriter inadvertently becomes entangled in the Los Angeles criminal underworld after his oddball friends kidnap a gangster's beloved Shih Tzu.,Color,https://www.imdb.com/title/tt1931533/,1931533,No,1,1,0,0,0,0,0
M-218,Seven Samurai,1954,NA,207,"391,000",8.6,33.6,98,142,0,5,"Action, Drama",2,Akira Kurosawa,Toshiro Mifune,M,Takashi Shimura,M,Keiko Tsushima,F,Japan,Japanese,"851,319","820,278","1,092,319",75,"Farmers from a village exploited by bandits hire a veteran samurai for protection, who gathers six other samurai to join him.",BW,https://www.imdb.com/title/tt0047478/,0047478,No,1,0,0,1,0,0,0
M-219,The Shawshank Redemption,1994,R,142,"3,100,000",9.3,55.0,82,172,0,21,Drama,1,Frank Darabont,Tim Robbins,M,Morgan Freeman,M,Bob Gunton,M,USA,English,"25,000,000","28,767,189","29,334,033",98,"Over the course of several years, two convicts form a friendship, seeking consolation and, eventually, redemption through basic compassion.",Color,https://www.imdb.com/title/tt0111161/,0111161,Yes,6,1,1,3,1,0,0
M-220,The Shining,1980,R,146,"1,200,000",8.4,22.5,68,402,0,6,"Drama, Horror",2,Stanley Kubrick,Jack Nicholson,M,Shelley Duvall,F,Danny Lloyd,M,"UK, USA",English,"19,000,000","45,634,352","47,970,919",95,"A family heads to an isolated hotel for the winter, where a sinister presence influences the father into violence. At the same time, his psychic son sees horrifying forebodings from both the past and the future.",Color,https://www.imdb.com/title/tt0081505,0081505,No,1,0,0,0,0,1,0
M-221,Shrek,2001,PG,90,"786,000",7.9,14.8,84,190,1,40,"Animation, Adventure, Comedy, Family, Fantasy, Romance",6,Andrew Adamson & Vicky Jenson,Mike Myers,M,Eddie Murphy,M,Cameron Diaz,F,"USA, Canada, Sweden",English,"60,000,000","268,698,241","488,977,919",55,"A mean lord exiles fairytale creatures to the swamp of a grumpy ogre, who must go on a quest and rescue a princess for the lord in order to get his land back.",Color,https://www.imdb.com/title/tt0126029/,0126029,Yes,2,0,0,0,1,0,1
M-222,Shrek 2,2004,PG,93,"540,000",7.4,11.3,75,171,0,18,"Animation, Adventure, Comedy, Family, Fantasy, Romance",6,"Andrew Adamson, Kelly Asbury, Conrad Vernon",Mike Myers,M,Eddie Murphy,M,Cameron Diaz,F,USA,English,"150,000,000","444,978,202","932,533,592",48,"Shrek and Fiona travel to the Kingdom of Far Far Away, where Fiona's parents are King and Queen, to celebrate their marriage. When they arrive, they find they are not as welcome as they thought they would be.",Color,https://www.imdb.com/title/tt0298148,0298148,Yes,1,0,0,0,0,1,0
M-223,The Silence of the Lambs,1991,R,118,"1,700,000",8.6,23.7,86,228,5,71,"Crime, Drama, Horror, Thriller",4,Jonathan Demme,Jodie Foster,F,Anthony Hopkins,M,Scott Glenn,M,USA,English,"19,000,000","130,742,922","272,742,922",48,"A young F.B.I. cadet must receive the help of an incarcerated and manipulative cannibal killer to help catch another serial killer, a madman who skins his victims.",Color,https://www.imdb.com/title/tt0102926/,0102926,Yes,1,1,0,0,0,0,0
M-224,Skyfall,2012,PG-13,143,"758,000",7.8,12.1,81,339,2,69,"Action, Adventure, Thriller",3,Sam Mendes,Daniel Craig,M,Javier Bardem,M,Naomie Harris,F,"UK, USA, Turkey",English,"200,000,000","304,360,277","1,108,594,137",27,"James Bond's loyalty to M is tested when her past comes back to haunt her. When MI6 comes under attack, 007 must track down and destroy the threat, no matter how personal the cost.",Color,https://www.imdb.com/title/tt1074638/,1074638,Yes,1,0,1,0,0,0,0
M-225,Sorry To Bother You,2018,R,112,"93,000",6.9,6.1,78,219,0,20,"Comedy, Drama, Fantasy, Sci-Fi",4,Boots Riley,LaKeith Stanfield,M,Tessa Thompson,F,Jermaine Fowler,M,USA,English,"3,200,000","17,493,096","18,170,707",96,"In an alternate present-day version of Oakland, telemarketer Cassius Green discovers a magical key to professional success, propelling him into a universe of greed.",Color,https://www.imdb.com/title/tt5688932/,5688932,No,2,0,1,1,0,0,0
M-226,Soul,2020,PG,100,"416,000",8.0,17.8,83,22,2,124,"Animation, Adventure, Comedy, Drama, Family, Fantasy, Music",7,Pete Docter & Kemp Powers,Jamie Foxx,M,Tina Fey,F,Graham Norton,M,"USA, Japan",English,"150,000,000",946154,"121,977,511",1,"After landing the gig of a lifetime, a New York jazz pianist suddenly finds himself trapped in a strange land between Earth and the afterlife.",Color,https://www.imdb.com/title/tt2948372/,2948372,No,1,0,1,0,0,0,0
M-227,Spider Man: Into The Spider-Verse,2018,PG,117,"751,000",8.4,25.5,87,380,1,85,"Animation, Action, Adventure, Comedy, Family, Fantasy, Sci-Fi",7,"Bob Persichetti, Peter Ramsey, Rodney Rothman",Shameik Moore,M,Jake Johnson,M,Hailee Steinfeld,F,"Canada, USA",English,"90,000,000","190,241,310","393,602,435",48,Teen Miles Morales becomes the Spider-Man of his universe and must join with five spider-powered individuals from other dimensions to stop a threat for all realities.,Color,https://www.imdb.com/title/tt4633694/,4633694,Yes,2,0,1,0,0,0,1
M-228,Spirited Away (Sen to Chihiro no Kamikakushi),2001,PG,125,"930,000",8.6,31.1,96,236,1,58,"Animation, Adventure, Family, Fantasy, Mystery",5,Hayao Miyazaki,Daveigh Chase,F,Suzanne Pleshette,F,Miyu Irino,M,Japan,Japanese,"19,000,000","15,205,725","360,049,922",4,"During her family's move to the suburbs, a sullen 10-year-old girl wanders into a world ruled by gods, witches and spirits, a world where humans are changed into beasts.",Color,https://www.imdb.com/title/tt0245429/,0245429,No,4,1,2,0,0,1,0
M-229,Spotlight,2015,R,129,"525,000",8.1,12.5,93,376,2,124,"Biography, Crime, Drama",3,Tom McCarthy,Mark Ruffalo,M,Michael Keaton,M,Rachel McAdams,F,USA,English,"20,000,000","45,055,776","98,690,254",46,"The true story of how the Boston Globe uncovered the massive scandal of child molestation and cover-up within the local Catholic Archdiocese, shaking the entire Catholic Church to its core.",Color,https://www.imdb.com/title/tt1895587,1895587,Yes,1,0,0,0,0,0,1
M-230,Star Wars Episode III: Revenge of the Sith,2005,PG-13,140,"899,000",7.6,18.1,68,413,0,29,"Action, Adventure, Fantasy, Sci-Fi",4,George Lucas,Hayden Christensen,M,Natalie Portman,F,Ewan McGregor,M,"USA, Italy, Switzerland, Thailand",English,"113,000,000","414,378,291","905,595,947",46,"Three years into the Clone Wars, Obi-Wan pursues a new threat, while Anakin is lured by Chancellor Palpatine into a sinister plot to rule the galaxy.",Color,https://www.imdb.com/title/tt0121766/,0121766,No,1,0,0,0,1,0,0
M-231,Star Wars: Episode IV: A New Hope,1977,PG,121,"1,500,000",8.6,30.3,90,213,6,70,"Action, Adventure, Fantasy, Sci-Fi",4,George Lucas,Mark Hamill,M,Harrison Ford,M,Carrie Fisher,F,USA,English,"11,000,000","460,998,507","775,398,007",59,"Luke Skywalker joins forces with a Jedi Knight, a cocky pilot, a Wookiee and two droids to save the galaxy from the Empire's world-destroying battle station, while also attempting to rescue Princess Leia from the mysterious Darth Vader.",Color,https://www.imdb.com/title/tt0076759/,0076759,Yes,1,0,1,0,0,0,0
M-232,Star Wars: Episode V: The Empire Strikes Back,1980,PG,124,"1,500,000",8.7,33.7,82,184,1,27,"Action, Adventure, Fantasy, Sci-Fi",4,Irvin Kershner,Mark Hamill,M,Harrison Ford,M,Carrie Fisher,F,USA,English,"18,000,000","292,753,960","550,016,086",53,"After the Rebels are overpowered by the Empire, Luke Skywalker begins his Jedi training with Yoda, while his friends are pursued across the galaxy by Darth Vader and bounty hunter Boba Fett.",Color,https://www.imdb.com/title/tt0080684/,0080684,Yes,1,0,0,1,0,0,0
M-233,Star Wars: Episode VI: Return of the Jedi,1983,PG,131,"1,200,000",8.3,21.9,58,168,0,25,"Action, Adventure, Fantasy, Sci-Fi",4,Richard Marquand,Mark Hamill,M,Harrison Ford,M,Carrie Fisher,F,USA,English,"32,500,000","316,566,101","482,466,382",66,"After rescuing Han Solo from Jabba the Hutt, the Rebels attempt to destroy the second Death Star, while Luke struggles to help Darth Vader back from the dark side.",Color,https://www.imdb.com/title/tt0086190/,0086190,Yes,1,0,0,1,0,0,0
M-234,Step Brothers,2008,R,98,"334,000",6.9,12.0,51,192,0,3,Comedy,1,Adam McKay,Will Ferrell,M,John C. Reilly,M,Mary Steenburgen,F,USA,English,"65,000,000","100,468,793","128,110,667",78,Two aimless middle-aged losers still living at home are forced against their will to become roommates when their parents marry.,Color,https://www.imdb.com/title/tt0838283,0838283,Yes,1,0,0,0,0,0,1
M-235,Still Walking (Aruitemo aruitemo),2008,NA,115,"20,000",7.9,12.9,89,137,0,11,Drama,1,Hirokazu Koreeda,Hiroshi Abe,M,Yiu Natsukawa,F,You,F,Japan,Japanese,NA,"167,047","3,534,890",5,A family gathers together for a commemorative ritual whose nature only gradually becomes clear.,Color,https://www.imdb.com/title/tt1087578/,1087578,No,1,1,0,0,0,0,0
M-236,Takers,2010,PG-13,107,"68,000",6.2,7.7,45,101,0,2,"Action, Crime, Drama, Thriller",4,John Luessenhop,Matt Dillon,M,Paul Walker,M,Idris Elba,M,USA,English,"32,000,000","57,744,720","80,205,382",72,A group of bank robbers find their multi-million dollar plan interrupted by a hard-boiled detective.,Color,https://www.imdb.com/title/tt1135084/,1135084,No,1,1,0,0,0,0,0
M-237,Talladega Nights: The Ballad of Ricky Bobby,2006,PG-13,108,"210,000",6.6,7.8,66,167,0,8,"Comedy, Sport",2,Adam McKay,Will Ferrell,M,John C. Reilly,M,Sacha Baron Cohen,M,USA,English,"72,500,000","148,213,377","163,369,464",91,"Number one NASCAR driver Ricky Bobby stays atop the heap thanks to a pact with his best friend and teammate, Cal Naughton, Jr. But when a French Formula One driver, makes his way up the ladder, Ricky Bobby's talent and devotion are put to the test.",Color,https://www.imdb.com/title/tt0415306/,0415306,Yes,1,0,0,0,0,1,0
M-238,Tangled,2010,PG,100,"530,000",7.7,16.5,71,340,0,10,"Animation, Adventure, Comedy, Family, Fantasy, Musical, Romance",7,Nathan Greno & Byron Howard,Mandy Moore,F,Zachary Levi,M,Donna Murphy,F,"USA, Japan",English,"260,000,000","200,821,936","591,806,017",34,"The magically long-haired Rapunzel has spent her entire life in a tower, but now that a runaway thief has stumbled upon her, she is about to discover the world for the first time, and who she really is.",Color,https://www.imdb.com/title/tt0398286/,0398286,Yes,2,1,0,0,1,0,0
M-239,Thor: Love and Thunder,2022,PG-13,118,"444,000",6.2,6.8,57,363,0,4,"Action, Adventure, Comedy, Romance, Sci-Fi",5,Taika Waititi,Chris Hemsworth,M,Natalie Portman,F,Christian Bale,M,"Australia, USA",English,"250,000,000","343,256,830","760,928,081",45,"Thor enlists the help of Valkyrie, Korg and ex-girlfriend Jane Foster to fight Gorr the God Butcher, who intends to make the gods extinct.",Color,https://www.imdb.com/title/tt10648342/,10648342,No,1,0,0,1,0,0,0
M-240,Titanic,1997,PG-13,134,"1,400,000",7.9,23.0,75,232,11,126,"Drama, Romance",2,James Cameron,Leonardo DiCaprio,M,Kate Winslet,F,Billy Zane,M,"USA, Mexico",English,"200,000,000","674,354,882","2,264,812,968",30,"A seventeen-year-old aristocrat falls in love with a kind but poor artist aboard the luxurious, ill-fated R.M.S. Titanic.",Color,https://www.imdb.com/title/tt0120338/,0120338,Yes,3,1,1,0,1,0,0
M-241,Toni Erdmann,2016,R,162,"54,000",7.3,8.9,93,324,0,59,"Comedy, Drama",2,Maren Ade,Sandra Huller,F,Peter Simonischek,M,Michael Wittenborn,M,"Germany, Austria, Monaco, Romania, France, Switzerland",German,"3,215,850","1,479,387","12,002,864",12,A practical joking father tries to reconnect with his hard working daughter by creating an outrageous alter ego and posing as her CEO's life coach.,Color,https://www.imdb.com/title/tt4048272/,4048272,No,1,0,0,1,0,0,0
M-242,Top Gun,1986,PG,110,"537,000",7.0,10.4,50,199,1,11,"Action, Drama",2,Tony Scott,Tom Cruise,M,Tim Robbins,M,Kelly McGillis,F,USA,English,"15,000,000","180,258,178","357,288,178",50,"As students at the United States Navy's elite fighter weapons school compete to be best in the class, one daring young pilot learns a few things from a civilian instructor that are not taught in the classroom.",Color,https://www.imdb.com/title/tt0092099/,0092099,No,4,1,0,2,0,0,1
M-243,Trollhunter (Trolljegeren),2010,PG-13,103,"82,000",6.9,7.2,61,336,0,12,"Drama, Fantasy, Thriller",3,Andre Ovredal,Otto Jespersen,M,Robert Stoltenberg,M,Knut Naerum,M,Norway,Norwegian,"1,863,988","253,444","5,341,098",5,"A group of students investigates a series of mysterious bear killings, but learns that there are much more dangerous things going on. They start to follow a mysterious hunter, learning that he is actually a troll hunter.",Color,https://www.imdb.com/title/tt1740707/,1740707,No,1,0,0,1,0,0,0
M-244,Trolls,2016,PG,92,"98,000",6.4,9.0,55,189,0,4,"Animation, Adventure, Comedy, Family, Fantasy, Music",6,Mike Mitchell & Walt Dohrn,Anna Kendrick,F,Justin Timberlake,M,Zooey Deschanel,F,"USA, India",English,"125,000,000","154,174,089","347,337,803",44,"After the Bergens invade Troll Village, Poppy, the happiest Troll ever born, and the curmudgeonly Branch set off on a journey to rescue her friends.",Color,https://www.imdb.com/title/tt1679335/,1679335,No,1,0,1,0,0,0,0
M-245,The Truman Show,1998,PG,103,"1,300,000",8.2,16.3,90,220,0,41,"Comedy, Drama",2,Peter Weir,Jim Carrey,M,Ed Harris,M,Laura Linney,F,"USA, India",English,"60,000,000","125,618,201","264,118,712",48,An insurance salesman discovers his whole life is actually a reality TV show.,Color,https://www.imdb.com/title/tt0120382/,0120382,Yes,2,0,0,2,0,0,0
M-246,Twister,1996,PG-13,113,"247,000",6.6,7.4,68,153,0,11,"Action, Adventure, Thriller",3,Jan De Bont,Helen Hunt,F,Bill Paxton,M,Cary Elwes,M,USA,English,"92,000,000","241,830,615","494,580,615",49,"Bill and Jo Harding, advanced storm chasers on the brink of divorce, must join together to create an advanced weather alert system by putting themselves in the cross-hairs of extremely violent tornadoes.",Color,https://www.imdb.com/title/tt0117998/,0117998,Yes,1,0,1,0,0,0,0
M-247,V for Vendetta,2005,R,132,"1,200,000",8.1,21.6,62,205,0,7,"Action, Drama, Sci-Fi, Thriller",4,James McTeigue,Hugo Weaving,M,Natalie Portman,F,Rupert Graves,M,"USA, UK, Germany",English,"54,000,000","70,511,035","134,686,457",52,"In a future British dystopian society, a shadowy freedom fighter, known only by the alias of ""V"", plots to overthrow the tyrannical government - with the help of a young woman.",Color,https://www.imdb.com/title/tt0434409/,0434409,No,1,0,1,0,0,0,0
M-248,Waking Life,2001,R,99,"69,000",7.6,22.5,85,81,0,5,"Animation, Drama, Fantasy",3,Richard Linklater,Ethan Hawke,M,Wiley Wiggins,M,Julie Delpy,F,USA,English,NA,"2,901,447","3,176,880",91,A man shuffles through a dream meeting various people and discussing the meanings and purposes of the universe.,Color,https://www.imdb.com/title/tt0243017/,0243017,No,1,1,0,0,0,0,0
M-249,A Walk to Remember,2002,PG,101,"228,000",7.3,22.3,35,62,0,4,"Drama, Romance",2,Adam Shankman,Mandy Moore,F,Shane West,M,Peter Coyote,M,USA,English,"11,800,000","41,281,092","47,494,916",87,"Two North Carolina teens, Landon Carter and Jamie Sullivan, are thrown together after Landon gets into trouble and is sentenced to perform community service.",Color,https://www.imdb.com/title/tt0281358/,0281358,No,1,0,0,1,0,0,0
M-250,War of the Worlds,2005,PG-13,116,"497,000",6.6,5.7,73,193,0,16,"Action, Adventure, Sci-Fi",3,Steven Spielberg,Tom Cruise,M,Dakota Fanning,F,Tim Robbins,M,USA,English,"132,000,000","234,280,354","603,873,504",39,An alien invasion threatens the future of humanity. The catastrophic nightmare is depicted through the eyes of one American family fighting for survival.,Color,https://www.imdb.com/title/tt0407304/,0407304,No,1,0,1,0,0,0,0
M-251,Waterloo Bridge,1940,Approved,108,"12,000",7.7,17.3,73,19,0,5,"Drama, Romance, War",3,Mervyn LeRoy,Vivian Leigh,F,Robert Taylor,M,Lucile Watson,F,USA,English,NA,NA,"31,111",NA,Myra and Roy meet and fall in love on Waterloo Bridge during an air raid. Their love will be one of the war's unspoken casualties.,BW,https://www.imdb.com/title/tt0033238,0033238,No,1,0,0,0,0,0,1
M-252,Weathering With You (Tenki no ko),2019,PG-13,112,"66,000",7.5,15.6,72,129,0,6,"Animation, Drama, Fantasy, Romance",4,Makato Shinkai,Kotaro Daigo,M,Nana Mori,F,Tsubasa Honda,F,"Japan, China",Japanese,"11,100,000","8,056,636","192,352,980",4,"Set during a period of exceptionally rainy weather, high-school boy Hodaka Morishima runs away from his troubled rural home to Tokyo and befriends an orphan girl who can manipulate the weather.",Color,https://www.imdb.com/title/tt9426210,9426210,No,1,0,0,0,0,0,1
M-253,Weird: The Al Yankovic Story,2022,TV-14,108,"47,000",6.8,9.7,70,115,0,16,"Action, Biography, Comedy, Crime, Music, Musical",6,Eric Appel,Daniel Radcliffe,M,Diedrich Bader,M,Evan Rachel Wood,F,USA,English,"8,000,000",NA,NA,NA,"Explores every facet of Yankovic's life, from his meteoric rise to fame with early hits like 'Eat It' and 'Like a Surgeon' to his torrid celebrity love affairs and famously depraved lifestyle.",Color,https://www.imdb.com/title/tt17076046,17076046,Yes,1,0,0,0,0,1,0
M-254,What About Bob?,1991,PG,99,"78,000",7.0,10.6,60,41,0,2,Comedy,1,Frank Oz,Bill Murray,M,Richard Dreyfuss,M,Julie Hagerty,F,USA,English,"39,000,000","63,707,829","63,707,829",100,"A successful psychotherapist loses his mind after one of his most dependent patients, an obsessive-compulsive neurotic, tracks him down during his family vacation.",Color,https://www.imdb.com/title/tt0103241/,0103241,No,1,0,1,0,0,0,0
M-255,When Harry Met Sally,1989,R,95,"260,000",7.7,13.2,76,127,0,6,"Comedy, Drama, Romance",3,Rob Reiner,Billy Crystal,M,Meg Ryan,F,Carrie Fisher,F,USA,English,"16,000,000","93,117,425","93,275,428",100,"Harry and Sally have known each other for years, and are very good friends, but they fear sex would ruin the friendship.",Color,https://www.imdb.com/title/tt0098635/,0098635,Yes,1,1,0,0,0,0,0
M-256,Whiplash,2014,R,106,"1,100,000",8.5,23.0,89,549,3,99,"Drama, Music",2,Damien Chazelle,Miles Teller,M,J. K. Simmons,M,Melissa Benoist,F,USA,English,"3,300,000","14,003,391","50,431,161",28,A promising young drummer enrolls at a cut-throat music conservatory where his dreams of greatness are mentored by an instructor who will stop at nothing to realize a student's potential.,Color,https://www.imdb.com/title/tt2582802/,2582802,No,1,0,1,0,0,0,0
M-257,The Wolf of Wall Street,2013,R,180,"1,700,000",8.2,19.2,75,442,0,37,"Biography, Comedy, Crime, Drama",4,Martin Scorsese,Leonardo DiCaprio,M,Jonah Hill,M,Margot Robbie,F,USA,English,"100,000,000","116,900,694","407,039,432",29,"Based on the true story of Jordan Belfort, from his rise to a wealthy stock-broker living the high life to his fall involving crime, corruption and the federal government.",Color,https://www.imdb.com/title/tt0993846,0993846,Yes,1,0,0,0,0,1,0
M-258,Yeh Jawaani hai Deewani (Youth is Crazy),2013,NA,160,"56,000",7.3,21.1,NA,30,0,24,"Comedy, Drama, Musical, Romance",4,Ayan Mukerji,Ranbir Kapoor,M,Deepika Padukone,F,Aditya Roy Kapur,M,India,Hindi,NA,"3,827,466","31,048,188",12,"Kabir and Naina bond during a trekking trip. Before Naina can express herself, Kabir leaves India to pursue his career. They meet again years later, but he still cherishes his dreams more than bonds.",Color,https://www.imdb.com/title/tt2178470/,2178470,No,1,1,0,0,0,0,0
M-259,Zindagi Na Milegi Dobara (You Only Live Once),2011,NA,155,"93,000",8.2,29.2,NA,36,0,35,"Comedy, Drama, Musical, Romance",4,Zoya Akhtar,Hrithik Roshan,M,Farhan Akhtar,M,Abhay Deol,M,"India, Spain",Hindi,"6,548,500","3,108,485","5,192,743",60,Three friends decide to turn their fantasy vacation into reality after one of their friends gets engaged.,Color,https://www.imdb.com/title/tt1562872,1562872,No,1,0,0,0,0,1,0
M-260,Zoolander,2001,PG-13,90,"310,000",6.5,7.5,61,121,0,1,Comedy,1,Ben Stiller,Ben Stiller,M,Owen Wilson,M,Christine Taylor,F,"Germany, USA, Australia",English,"28,000,000","45,172,250","60,780,981",74,"At the end of his career, a clueless fashion model is brainwashed to kill the Prime Minister of Malaysia.",Color,https://www.imdb.com/title/tt0196229/,0196229,No,1,0,0,1,0,0,0